PersonID,occasion,risky,age18,att4,mon3,agesq
1,12,27.36784069,-6.302707876,1,-0.310336677,39.72412657
1,13,26.71077651,-4.784427371,1,-0.397565693,22.89074527
1,14,25.00833042,-3.955488446,1,-0.54188623,15.64588885
1,15,22.33164911,-2.70333697,1,-0.162113532,7.308030773
1,16,22.93829477,-2.141517294,1,-0.370413826,4.586096319
1,17,22.38455481,-0.954482748,1,-0.499947536,0.911037317
1,18,22.19029555,-0.0751421,1,0.041118148,0.005646335
2,12,15.04131432,-6.113101337,-0.954325409,0.816063169,37.37000795
2,13,17.70606934,-5.245580008,-0.954325409,1.557213363,27.51610962
2,14,13.87121213,-4.13089467,-0.954325409,0.76383777,17.06429078
2,15,17.5194547,-3.091172058,-0.954325409,1.122346997,9.55534469
2,16,21.01569078,-2.219629875,-0.954325409,0.717130281,4.92675678
2,17,19.84318206,-1.230576748,-0.954325409,0.070057631,1.514319132
2,18,30.03761412,-0.018350368,-0.954325409,0.980447078,0.000336736
3,12,19.64889526,-5.678920854,-0.231894595,1.855207647,32.25014207
3,13,11.74142707,-5.091689344,-0.231894595,2,25.92530037
3,14,11.53835398,-4.004507913,-0.231894595,1.386147723,16.03608362
3,15,15.48973477,-2.931553127,-0.231894595,1.436662813,8.594003736
3,16,11.56835455,-1.873004151,-0.231894595,0.444853631,3.508144549
3,17,20.27700424,-1.11170319,-0.231894595,0.670690932,1.235883982
3,18,20.08044106,-0.214497586,-0.231894595,0.705284947,0.046009215
4,12,14.92558218,-5.966239187,1,0.42504793,35.59601003
4,13,14.90910533,-4.907194482,1,-0.289906303,24.08055768
4,14,19.55624918,-3.833698556,1,0.480532619,14.69724462
4,15,19.83929766,-3.194351767,1,0.75956293,10.20388321
4,16,15.06753284,-2.126563788,1,0.120888867,4.522273544
4,17,20.55906213,-1.206636114,1,0.125167743,1.455970711
4,18,18.84474064,-0.152868255,1,0.449266298,0.023368704
5,12,10.24810866,-6.077199106,0.311243273,0.251902751,36.93234898
5,13,19.7308772,-4.962159544,0.311243273,0.337642578,24.62302735
5,14,13.40048304,-4.09980717,0.311243273,0.27778697,16.80841883
5,15,14.61820047,-3.037591032,0.311243273,0.677860293,9.226959277
5,16,16.78653275,-2.053810265,0.311243273,0.156562338,4.218136604
5,17,24.40688236,-0.970321555,0.311243273,0.581185535,0.94152392
5,18,27.58493274,-0.201856037,0.311243273,0.865481099,0.04074586
6,12,14.52407654,-6.224511041,-0.191088001,0.513175531,38.74453771
6,13,19.41424144,-5.216934846,-0.191088001,0.779001297,27.21640918
6,14,22.92022752,-3.903390591,-0.191088001,0.735468948,15.23645811
6,15,20.17371158,-2.787038437,-0.191088001,0.738413593,7.767583249
6,16,17.35935604,-1.857728341,-0.191088001,0.637156718,3.451154589
6,17,22.97153143,-0.970354284,-0.191088001,0.276558534,0.941587436
6,18,24.50401401,0.085279096,-0.191088001,-0.038530595,0.007272524
7,12,11.59826198,-5.84958069,-0.125044745,0.495901725,34.21759425
7,13,12.1679666,-5.200399284,-0.125044745,0.38108279,27.04415271
7,14,18.73616008,-3.924038604,-0.125044745,0.097936073,15.39807896
7,15,26.10135869,-2.732407023,-0.125044745,0.718139066,7.466048138
7,16,26.26316254,-1.76760587,-0.125044745,0.287443533,3.124430512
7,17,27.46665308,-1.138132323,-0.125044745,-0.185609179,1.295345184
7,18,29.39070273,-0.117321825,-0.125044745,-0.140806361,0.013764411
8,12,22.11971385,-6.099540872,0.717062935,0.192690069,37.20439885
8,13,25.21125195,-4.806587407,0.717062935,0.723591708,23.1032825
8,14,18.80449021,-4.278985542,0.717062935,0.079785692,18.30971727
8,15,19.15715433,-3.056940271,0.717062935,0.232525585,9.344883823
8,16,21.08684032,-1.706513833,0.717062935,0.313609398,2.912189462
8,17,25.56593003,-0.778165229,0.717062935,0.796897986,0.605541123
8,18,20.93223241,0.034510462,0.717062935,0.171425771,0.001190972
9,12,18.30463411,-5.769828833,0.011374162,0.536085476,33.29092476
9,13,19.69720522,-4.739329269,0.011374162,0.43340477,22.46124192
9,14,18.45940961,-4.052498694,0.011374162,0.519116457,16.42274567
9,15,22.64031524,-2.75867191,0.011374162,0.235699236,7.61027071
9,16,31.05410467,-1.948099809,0.011374162,0.546194311,3.795092864
9,17,27.49583028,-1.209248084,0.011374162,0.109027068,1.462280929
9,18,29.92383428,-0.002608244,0.011374162,-0.122455715,6.80E-06
10,12,25.2101309,-5.978451821,-0.111751386,0.85459063,35.74188618
10,13,28.03335372,-4.619215978,-0.111751386,0.932612632,21.33715625
10,14,20.68130137,-3.873952746,-0.111751386,-0.005233353,15.00750988
10,15,26.94270185,-2.941859385,-0.111751386,0.616543983,8.654536643
10,16,27.81952287,-1.921466004,-0.111751386,0.079031976,3.692031604
10,17,27.15879055,-0.741439359,-0.111751386,-0.035267369,0.549732323
10,18,34.23082141,0.236658408,-0.111751386,0.950233461,0.056007202
11,12,18.11807953,-5.918770748,-0.39325595,-0.903463827,35.03184717
11,13,21.16823797,-4.884379095,-0.39325595,-1.00079025,23.85715914
11,14,22.63313985,-4.127878259,-0.39325595,-0.942976281,17.03937892
11,15,20.74530618,-3.185438962,-0.39325595,-1.071641812,10.14702138
11,16,20.91138516,-2.164119114,-0.39325595,-1.198597859,4.683411542
11,17,23.31721198,-0.869486584,-0.39325595,-0.506656563,0.75600692
11,18,30.69498811,-0.205323508,-0.39325595,-0.30325946,0.042157743
12,12,18.07406821,-6.258266042,-0.374285401,0.535015267,39.16589385
12,13,22.84845411,-5.012831246,-0.374285401,0.547234831,25.1284771
12,14,23.12348062,-3.55913748,-0.374285401,0.526945561,12.6674596
12,15,26.64760565,-3.236515991,-0.374285401,0.645362519,10.47503576
12,16,20.67197144,-2.300169475,-0.374285401,0.263556104,5.290779613
12,17,26.99220767,-0.765253899,-0.374285401,1.126011768,0.58561353
12,18,24.39272934,-0.193111249,-0.374285401,-0.086019065,0.037291954
13,12,19.34053002,-5.79538066,-0.152620093,0.469957856,33.58643699
13,13,19.36937182,-5.303076466,-0.152620093,0.421881529,28.12262001
13,14,19.0344154,-4.073337822,-0.152620093,-0.050891806,16.59208101
13,15,19.6986799,-3.011699439,-0.152620093,-0.134610017,9.070333511
13,16,29.45947646,-2.159171421,-0.152620093,0.187034112,4.662021227
13,17,25.98856218,-0.95078308,-0.152620093,-0.300197462,0.903988465
13,18,27.25209376,0.267911355,-0.152620093,0.153151739,0.071776494
14,12,15.28301566,-5.966916176,0.128591968,-0.013754323,35.60408865
14,13,18.34808372,-4.949539069,0.128591968,-0.322511342,24.497937
14,14,17.04669969,-3.898952478,0.128591968,0.867150318,15.20183042
14,15,12.25106859,-2.610579891,0.128591968,-0.047059994,6.815127367
14,16,20.0932042,-1.843923439,0.128591968,0.322179052,3.400053649
14,17,23.5777868,-0.841749626,0.128591968,0.316975244,0.708542433
14,18,28.36980115,0.023834647,0.128591968,-0.353412591,0.00056809
15,12,20.44468058,-5.75053894,-0.064181088,1.016277711,33.0686981
15,13,12.1098347,-5.590719322,-0.064181088,0.395787889,31.25614254
15,14,14.27670328,-4.013977526,-0.064181088,0.411228468,16.11201558
15,15,19.38810387,-3.059873777,-0.064181088,1.077666385,9.362827533
15,16,18.000301,-2.083241884,-0.064181088,0.504535122,4.339896748
15,17,18.29578185,-1.302392964,-0.064181088,0.848605571,1.696227434
15,18,22.82544685,-0.122900934,-0.064181088,1.066336046,0.01510464
16,12,10.85670288,-6.05828882,-0.588845653,0.00290631,36.70286343
16,13,15.82792117,-5.172114983,-0.588845653,0.714911743,26.7507734
16,14,16.55785641,-4.366720903,-0.588845653,0.933042711,19.06825144
16,15,22.62915288,-2.998973198,-0.588845653,0.750404048,8.993840244
16,16,24.35952366,-2.079360268,-0.588845653,0.023753382,4.323739126
16,17,29.92157346,-1.088470016,-0.588845653,0.005406895,1.184766977
16,18,29.64681742,0.07422007,-0.588845653,-0.325572028,0.005508619
17,12,17.74050444,-6.041271436,0.544005685,0.968809525,36.49696057
17,13,16.90168795,-5.216901562,0.544005685,0.794752929,27.21606191
17,14,25.49822278,-3.847815929,0.544005685,0.875219337,14.80568742
17,15,17.51407365,-3.370673726,0.544005685,0.198515718,11.36144137
17,16,22.8114424,-2.089619936,0.544005685,0.8207172,4.366511477
17,17,20.02488812,-1.003684941,0.544005685,0.566442269,1.007383461
17,18,24.09014145,-0.397495064,0.544005685,0.340568106,0.158002326
18,12,19.03199849,-5.966762454,1,-0.624815471,35.60225418
18,13,13.33570671,-4.637673649,1,-0.768594366,21.50801688
18,14,14.05924175,-4.098564045,1,-0.469363993,16.79822723
18,15,11.8997833,-3.246677584,1,-0.325810449,10.54091534
18,16,10.92307286,-2.104450946,1,-0.296689297,4.428713785
18,17,12.48977551,-1.139638986,1,0.186335092,1.298777018
18,18,12.11353933,0.108778527,1,-0.38726145,0.011832768
19,12,13.05552783,-6.036113401,1,-0.713650792,36.43466499
19,13,14.46026004,-4.957485432,1,-0.836374251,24.57666181
19,14,14.36668188,-4.126758337,1,-0.167329692,17.03013437
19,15,21.16780327,-3.083967814,1,-0.068084565,9.51085748
19,16,16.25574106,-2.202519351,1,-0.115794488,4.851091491
19,17,16.80113909,-0.982839999,1,-0.160699409,0.965974463
19,18,23.80093275,0.033014572,1,-0.028081461,0.001089962
20,12,10.60583511,-5.88465941,-0.366330465,-1.062992388,34.62921637
20,13,12.8186542,-4.830072879,-0.366330465,-0.693867987,23.32960402
20,14,17.06966184,-4.054006599,-0.366330465,-0.245193129,16.43496951
20,15,18.21044164,-2.657783276,-0.366330465,0.020594906,7.063811942
20,16,15.75708398,-2.275539513,-0.366330465,-0.703825497,5.178080077
20,17,25.23142,-0.997187945,-0.366330465,-0.165032382,0.994383798
20,18,20.43502545,-0.084300318,-0.366330465,-0.266529103,0.007106544
21,12,15.04421914,-6.093389453,-0.260835615,-0.882779292,37.12939503
21,13,16.10389837,-5.173747813,-0.260835615,-0.940388302,26.76766643
21,14,22.64430918,-3.794757901,-0.260835615,-0.507620321,14.40018753
21,15,19.71084233,-2.897917533,-0.260835615,-0.542775648,8.397926029
21,16,21.38070256,-1.978931915,-0.260835615,-0.430294542,3.916171523
21,17,16.31362094,-0.995315754,-0.260835615,-1.076733695,0.99065345
21,18,23.13345337,0.139230186,-0.260835615,-0.890302549,0.019385045
22,12,10,-5.786847447,0.978159697,0.582255749,33.48760337
22,13,16.88506954,-4.862983108,0.978159697,0.586874628,23.64860471
22,14,15.16950261,-4.018292049,0.978159697,0.372097642,16.14667099
22,15,13.47470799,-3.016448606,0.978159697,-0.044610582,9.098962193
22,16,19.47474382,-2.143541208,0.978159697,-0.012916547,4.59476891
22,17,13.82477367,-1.001504277,0.978159697,0.363449656,1.003010816
22,18,18.94715042,0.028863009,0.978159697,0.273573994,0.000833073
23,12,20.05729877,-5.876572307,-0.124771647,-1.817751232,34.53410207
23,13,19.39772124,-4.780595716,-0.124771647,-1.275725563,22.8540954
23,14,16.22049533,-4.117944971,-0.124771647,-0.974824705,16.95747079
23,15,20.00808594,-3.024921236,-0.124771647,-1.377696295,9.150148482
23,16,23.73112669,-1.841467384,-0.124771647,-0.398423755,3.391002126
23,17,23.24181284,-1.168484351,-0.124771647,-0.473301487,1.365355678
23,18,25.83656922,-0.163605588,-0.124771647,-0.730960427,0.026766789
24,12,13.20905202,-6.133626468,-0.454124785,-0.828931353,37.62137365
24,13,14.71676929,-5.021505032,-0.454124785,-0.342641333,25.21551279
24,14,21.2620542,-3.948008339,-0.454124785,0.086037748,15.58676985
24,15,20.40582474,-2.846039005,-0.454124785,-0.551664907,8.099938016
24,16,17.57130398,-2.213427248,-0.454124785,-0.451270695,4.899260184
24,17,27.87713351,-0.761308601,-0.454124785,-0.268719376,0.579590786
24,18,17.78153202,-0.289326636,-0.454124785,-0.706249422,0.083709902
25,12,15.79810724,-5.919216205,0.108633221,-0.006120137,35.03712048
25,13,17.7466573,-4.88912366,0.108633221,-0.239002974,23.90353016
25,14,19.41502995,-3.88482863,0.108633221,0.307604358,15.09189349
25,15,16.23223361,-2.973153046,0.108633221,0.096508352,8.839639033
25,16,18.82302028,-2.323965573,0.108633221,0.029714853,5.400815983
25,17,22.7723661,-0.958575387,0.108633221,0.092936902,0.918866772
25,18,20.72812993,-0.196522022,0.108633221,0.077772805,0.038620905
26,12,14.12883407,-5.901810424,-1.458360328,-0.482759862,34.83136628
26,13,23.47779259,-5.208604785,-1.458360328,-0.111710554,27.1295638
26,14,17.79689009,-3.922851098,-1.458360328,-0.256998472,15.38876074
26,15,25.83782443,-3.262687681,-1.458360328,-0.101903613,10.64513091
26,16,24.97977451,-2.214057539,-1.458360328,0.108035841,4.902050785
26,17,30.95720187,-0.782129826,-1.458360328,0.155036356,0.611727064
26,18,34.44598723,0.031069945,-1.458360328,0.307159611,0.000965342
27,12,21.55984467,-5.676256163,1,-0.890603187,32.21988403
27,13,16.69291895,-5.025790582,1,-0.952919253,25.25857098
27,14,16.08236558,-4.001221908,1,-0.799652425,16.00977676
27,15,21.55143674,-3.226101345,1,-0.747458903,10.40772989
27,16,24.80699727,-1.986502781,1,-0.752480379,3.946193299
27,17,21.34209606,-1.013610114,1,-1.341669264,1.027405464
27,18,27.4438439,0.14208332,1,-1.00444276,0.02018767
28,12,19.1906437,-5.925553899,-0.38171646,1.364622224,35.11218901
28,13,10.27922714,-5.064548183,-0.38171646,1.10216536,25.6496483
28,14,14.49900947,-4.240735335,-0.38171646,1.189187188,17.98383618
28,15,14.3153529,-3.0303922,-0.38171646,0.671520868,9.183276886
28,16,18.32059296,-1.880742953,-0.38171646,1.063086484,3.537194055
28,17,22.45567498,-0.667131968,-0.38171646,0.42366735,0.445065063
28,18,24.325849,0.296314599,-0.38171646,0.382834219,0.087802341
29,12,22.05734555,-6.060148927,-1.340869823,-1.316544838,36.72540502
29,13,24.32375229,-4.96729062,-1.340869823,-0.944376504,24.67397611
29,14,21.90933152,-4.021024162,-1.340869823,-1.718579604,16.16863531
29,15,28.85808276,-2.922001851,-1.340869823,-0.905329361,8.538094815
29,16,30.95709732,-2.305677479,-1.340869823,-1.267682311,5.316148638
29,17,29.70290448,-0.813940172,-1.340869823,-1.007921435,0.662498604
29,18,33.10605276,-0.016369382,-1.340869823,-1.121949078,0.000267957
30,12,12.9254127,-6.180187428,0.472067423,2,38.19471664
30,13,13.44425752,-5.067855492,0.472067423,1.703676965,25.68315929
30,14,11.18269813,-4.101738421,0.472067423,1.11567264,16.82425808
30,15,14.08210725,-3.230944135,0.472067423,0.742727884,10.439
30,16,12.15046851,-2.071352561,0.472067423,0.897788354,4.290501432
30,17,10.60350129,-1.172322194,0.472067423,0.963762175,1.374339326
30,18,14.42430034,-0.000490812,0.472067423,0.746910213,2.41E-07
31,12,11.41736622,-5.697282907,0.119403449,0.276756916,32.45903252
31,13,10.13968226,-4.783823129,0.119403449,-0.243663092,22.88496373
31,14,19.98320115,-4.292296786,0.119403449,0.466696089,18.4238117
31,15,16.69128301,-3.370215063,0.119403449,0.712160274,11.35834957
31,16,17.59765277,-2.250303832,0.119403449,0.641676048,5.063867337
31,17,12.48806846,-1.194320384,0.119403449,0.311211754,1.426401181
31,18,11.0122512,-0.199207774,0.119403449,1.07670128,0.039683737
32,12,18.65016238,-5.968151525,-0.582327602,-0.346857347,35.61883263
32,13,19.66599574,-5.198561261,-0.582327602,-0.119075758,27.02503919
32,14,14.82767513,-3.9172864,-0.582327602,-0.047587262,15.34513274
32,15,23.26532174,-2.782580426,-0.582327602,-0.102272457,7.742753826
32,16,20.65420501,-1.782265414,-0.582327602,0.199661583,3.176470005
32,17,21.55604457,-1.133198158,-0.582327602,-0.356399987,1.284138065
32,18,25.95224392,-0.237441721,-0.582327602,-0.2586389,0.056378571
33,12,15.07257255,-6.05388528,-0.248900852,1.668318457,36.64952698
33,13,18.17480489,-5.089094607,-0.248900852,1.513357942,25.89888392
33,14,13.82421847,-4.232837086,-0.248900852,0.793457317,17.9169098
33,15,14.132722,-2.850045071,-0.248900852,0.815044019,8.122756906
33,16,19.98618542,-2.310741448,-0.248900852,0.865542467,5.339526039
33,17,19.1279639,-0.968106017,-0.248900852,0.336994373,0.93722926
33,18,25.58508828,-0.017897715,-0.248900852,0.651864515,0.000320328
34,12,18.45393623,-6.194602702,-0.187562795,0.702926176,38.37310263
34,13,12.59151243,-5.045316569,-0.187562795,0.917181695,25.45521929
34,14,14.76879335,-4.405699522,-0.187562795,0.429318756,19.41018828
34,15,10.01073515,-3.031266279,-0.187562795,0.648502743,9.188575257
34,16,12.85558691,-1.997290049,-0.187562795,0.328369619,3.989167539
34,17,11.10449234,-1.457327439,-0.187562795,0.123875784,2.123803265
34,18,17.56210599,0.034364797,-0.187562795,0.687725854,0.001180939
35,12,13.63258366,-6.120045967,-0.309045204,0.764108021,37.45496264
35,13,12.94767457,-4.887969022,-0.309045204,1.325743526,23.89224116
35,14,15.47798775,-3.985016196,-0.309045204,0.991849008,15.88035408
35,15,15.77454731,-2.88453903,-0.309045204,0.684185517,8.320565414
35,16,18.12807219,-1.9523422,-0.309045204,0.428212235,3.811640068
35,17,23.20447718,-0.861892787,-0.309045204,1.2559071,0.742859176
35,18,18.03767606,0.26844652,-0.309045204,1.104434916,0.072063534
36,12,15.75547564,-6.198092006,0.379535325,0.731160737,38.41634451
36,13,10.71642625,-5.005172823,0.379535325,0.792755725,25.05175499
36,14,15.93460764,-3.565417485,0.379535325,0.506561717,12.71220184
36,15,17.05503577,-2.952730235,0.379535325,0.589228515,8.718615841
36,16,10.25939082,-2.435593662,0.379535325,0.267566726,5.932116488
36,17,16.30322484,-0.842311422,0.379535325,0.047808356,0.709488532
36,18,20.15966839,-0.121106114,0.379535325,-0.142489053,0.014666691
37,12,11.98188167,-5.75668776,0.579722735,0.333614449,33.13945396
37,13,13.43133532,-5.06648109,0.579722735,-0.456145094,25.66923063
37,14,19.50193783,-3.976771283,0.579722735,0.180501553,15.81470983
37,15,19.09015057,-2.967249296,0.579722735,-0.156356181,8.804568386
37,16,17.45673184,-1.993028797,0.579722735,0.089654668,3.972163785
37,17,17.49846686,-1.082066867,0.579722735,-0.423428435,1.170868704
37,18,18.6861029,-0.139365078,0.579722735,0.022969152,0.019422625
38,12,21.41560062,-6.071924405,0.071753898,-0.195674665,36.86826598
38,13,22.22812554,-4.825227617,0.071753898,0.195904814,23.28282155
38,14,20.3350127,-4.089866659,0.071753898,-0.314696326,16.72700929
38,15,25.38176878,-2.896286905,0.071753898,-0.283844644,8.388477839
38,16,28.50307842,-1.740995282,0.071753898,-0.11368896,3.031064572
38,17,22.21962944,-0.999741348,0.071753898,-0.398600195,0.999482764
38,18,30.97105609,0.166568299,0.071753898,-0.294928319,0.027744998
39,12,17.2586546,-5.945282321,-0.180774182,0.638689658,35.34638187
39,13,18.60625996,-5.045110004,-0.180774182,0.864218532,25.45313495
39,14,19.51086826,-4.093107002,-0.180774182,0.558209124,16.75352493
39,15,14.36216373,-2.876517177,-0.180774182,0.615638454,8.274351072
39,16,21.91512452,-1.85021417,-0.180774182,1.072938191,3.423292476
39,17,20.96110357,-0.94669228,-0.180774182,0.556616666,0.896226274
39,18,24.06704682,0.139057302,-0.180774182,1.117475908,0.019336933
40,12,13.44255987,-5.624682518,-0.664332702,0.176751253,31.63705343
40,13,20.66061067,-4.83836842,-0.664332702,-0.287708246,23.40980897
40,14,23.33977963,-4.064922472,-0.664332702,0.259036414,16.5235947
40,15,25.06680011,-2.793408957,-0.664332702,-0.663577507,7.803133599
40,16,31.01698034,-1.744226568,-0.664332702,-0.598577124,3.042326321
40,17,31.78304793,-0.935146651,-0.664332702,0.253285695,0.874499258
40,18,34.51134001,-0.132464089,-0.664332702,-0.829647664,0.017546735
41,12,22.61598269,-6.132887479,0.757761416,-1.819379116,37.61230883
41,13,19.71808096,-5.097389647,0.757761416,-1.409845375,25.98338121
41,14,21.83481674,-4.080247005,0.757761416,-0.762725255,16.64841562
41,15,16.61381905,-2.909771586,0.757761416,-0.847165444,8.466770683
41,16,17.76699211,-1.947418468,0.757761416,-0.274447105,3.792438692
41,17,18.38461856,-1.006969274,0.757761416,-0.253910658,1.013987118
41,18,22.77811206,-0.244692635,0.757761416,0.53590455,0.059874486
42,12,15.91639715,-6.047124999,0.587404533,-0.122575546,36.56772075
42,13,13.27095075,-5.146807642,0.587404533,-0.055373236,26.4896289
42,14,17.19482622,-4.071488235,0.587404533,0.291632492,16.57701645
42,15,17.41222093,-2.937280749,0.587404533,0.417631723,8.627618198
42,16,15.11387596,-1.962826919,0.587404533,0.073658746,3.852689515
42,17,10.06590647,-1.084606398,0.587404533,-0.095599838,1.176371038
42,18,15.73952846,0.122803574,0.587404533,-0.287917003,0.015080718
43,12,16.43170097,-5.937399768,-0.807179358,0.471396507,35.25271601
43,13,18.58480628,-5.084659469,-0.807179358,0.734181767,25.85376192
43,14,11.29151345,-3.867635248,-0.807179358,0.760527748,14.95860241
43,15,22.19256149,-2.778511575,-0.807179358,0.880006212,7.720126571
43,16,19.13520572,-1.973314854,-0.807179358,0.556914197,3.893971512
43,17,23.69115203,-0.825701695,-0.807179358,1.057183748,0.681783288
43,18,28.61098557,-0.101882006,-0.807179358,0.855902184,0.010379943
44,12,12.832856,-5.840516364,0.268318326,0.089185847,34.1116314
44,13,15.69119961,-4.759355198,0.268318326,0.190070115,22.6514619
44,14,18.06380863,-4.115051711,0.268318326,-0.29171577,16.93365058
44,15,11.79672663,-2.97545515,0.268318326,0.275538425,8.85333335
44,16,18.04459247,-2.088871959,0.268318326,0.335598907,4.363386061
44,17,16.67898588,-0.981532415,0.268318326,-0.333851812,0.963405882
44,18,20.01568766,-0.25874014,0.268318326,-0.333822991,0.06694646
45,12,10.91247047,-6.310225219,0.135567223,-0.401538323,39.81894232
45,13,10.72939425,-4.790341662,0.135567223,-0.805563131,22.94737324
45,14,17.69349556,-4.009623539,0.135567223,-0.193468049,16.07708093
45,15,14.27720284,-2.875438975,0.135567223,-0.51308686,8.268149298
45,16,17.9050826,-2.054778129,0.135567223,-0.362237389,4.222113161
45,17,15.13326521,-0.921178632,0.135567223,0.090223999,0.848570072
45,18,22.12573525,-0.042176072,0.135567223,0.202472941,0.001778821
46,12,14.74890121,-6.395768715,0.750216719,0.733870494,40.90585745
46,13,19.30406291,-4.854823831,0.750216719,0.340914282,23.56931443
46,14,11.42928014,-4.468370283,0.750216719,0.302707578,19.96633298
46,15,10.58858165,-3.033575038,0.750216719,0.38676367,9.202577514
46,16,14.2166819,-1.944321224,0.750216719,0.584396699,3.780385022
46,17,10.19425276,-0.702630933,0.750216719,0.100764117,0.493690228
46,18,20.48421236,-0.070738178,0.750216719,0.5482113,0.00500389
47,12,21.79733333,-6.178575628,-0.524979164,-0.166085855,38.17479679
47,13,22.1990363,-4.956987539,-0.524979164,0.244641632,24.57172546
47,14,21.16517836,-4.232685699,-0.524979164,0.294762557,17.91562822
47,15,25.45644592,-2.952937816,-0.524979164,0.525778118,8.719841747
47,16,26.63970538,-1.973533687,-0.524979164,0.984655604,3.894835214
47,17,23.2379103,-0.772818383,-0.524979164,0.588801401,0.597248254
47,18,29.03538674,0.032757019,-0.524979164,1.306435216,0.001073022
48,12,15.10660862,-6.137787126,-0.252642371,-0.066769248,37.6724308
48,13,11.79221394,-5.136342109,-0.252642371,0.371605376,26.38201026
48,14,12.711763,-4.303593671,-0.252642371,-0.127799502,18.52091849
48,15,15.24178967,-3.16327707,-0.252642371,0.340603083,10.00632182
48,16,17.03898814,-2.052229154,-0.252642371,-0.02772572,4.2116445
48,17,28.572077,-0.954273747,-0.252642371,0.148846739,0.910638385
48,18,25.54599138,0.00192553,-0.252642371,0.180640869,3.71E-06
49,12,19.13348063,-5.889804719,0.393571532,-0.34202593,34.68979962
49,13,14.42185252,-5.081068976,0.393571532,0.00847557,25.81726194
49,14,14.89126781,-4.233772748,0.393571532,0.209243024,17.92483169
49,15,18.43167419,-3.29712326,0.393571532,0.829678123,10.87102179
49,16,17.85735674,-1.762417093,0.393571532,0.231503057,3.106114011
49,17,15.80583656,-0.948152158,0.393571532,0.374496974,0.898992514
49,18,18.88070521,0.037274942,0.393571532,0.473789395,0.001389421
50,12,24.80646943,-5.796783413,-0.666737595,-0.706197926,33.60269794
50,13,22.02114756,-4.992399091,-0.666737595,-0.580896766,24.92404869
50,14,27.76650016,-4.068167365,-0.666737595,-0.221844167,16.54998571
50,15,18.94045308,-3.106820003,-0.666737595,-0.622640703,9.652330533
50,16,23.22379103,-1.843784027,-0.666737595,-0.781580488,3.399539538
50,17,20.88419161,-1.110103088,-0.666737595,-0.354703328,1.232328866
50,18,23.22167579,0.07731721,-0.666737595,-0.304123622,0.005977951
51,12,19.566635,-6.286575214,0.442874319,-0.897902743,39.52102792
51,13,12.8244624,-5.25673211,0.442874319,-0.641656283,27.63323247
51,14,13.49196934,-3.971664107,0.442874319,-1.094724754,15.77411578
51,15,15.7747963,-2.956340664,0.442874319,-0.064296753,8.73995012
51,16,16.24600241,-2.109845932,0.442874319,-0.606347658,4.451449859
51,17,21.99971262,-0.99450252,0.442874319,0.119751767,0.989035262
51,18,25.3733562,0.076903815,0.442874319,0.317541547,0.005914197
52,12,19.16334613,-6.201777256,1,0.315886101,38.46204113
52,13,13.91490186,-5.256593968,1,-0.062091108,27.63178014
52,14,19.07247254,-3.812956279,1,0.323682373,14.53863559
52,15,17.40836704,-2.932674032,1,0.237892223,8.600576976
52,16,20.3901089,-2.074149322,1,-0.31771412,4.302095411
52,17,21.42948727,-1.090925335,1,-0.292384789,1.190118086
52,18,23.53875305,-0.143588147,1,0.433665937,0.020617556
53,12,15.89696878,-5.83092544,0.165337516,1.185181744,33.99969148
53,13,19.81737998,-4.99367988,0.165337516,1.211521109,24.93683874
53,14,18.08870924,-3.939574636,0.165337516,0.981993524,15.52024831
53,15,24.80090168,-2.802494547,0.165337516,1.058756828,7.853975685
53,16,22.50503603,-1.878283967,0.165337516,0.80868812,3.527950661
53,17,17.05449809,-1.272539969,0.165337516,-0.189174756,1.619357974
53,18,23.72113118,0.063787194,0.165337516,0.350114652,0.004068806
54,12,11.85152804,-5.998578106,-0.401662835,0.784462445,35.98293929
54,13,13.89922981,-4.748158748,-0.401662835,0.343707514,22.5450115
54,14,13.99489878,-3.895517782,-0.401662835,0.943962864,15.17505879
54,15,16.8938246,-2.770079579,-0.401662835,0.208627177,7.673340876
54,16,18.11072534,-2.214828171,-0.401662835,0.627161757,4.905463828
54,17,18.03306473,-0.754050924,-0.401662835,0.327930254,0.568592796
54,18,18.95499883,0.184055425,-0.401662835,0.302212355,0.033876399
55,12,16.09853451,-5.884876589,0.015669248,0.693715488,34.63177246
55,13,11.94216618,-5.221826486,0.015669248,-0.04264788,27.26747185
55,14,10.83290491,-3.907533144,0.015669248,-0.11510643,15.26881527
55,15,18.31571882,-3.06786187,0.015669248,0.544397338,9.411776453
55,16,19.79645986,-2.078732711,0.015669248,0.90361621,4.321129684
55,17,21.3099793,-1.101646569,0.015669248,0.548966551,1.213625163
55,18,16.17148224,-0.018097301,0.015669248,0.526156542,0.000327512
56,12,10,-5.984842608,1,0.678645723,35.81834105
56,13,16.17630166,-4.981476162,1,0.880862209,24.81510475
56,14,15.59022681,-4.08761671,1,0.2025485,16.70861037
56,15,16.36447036,-3.349724847,1,-0.136389141,11.22065655
56,16,14.60390788,-1.963197238,1,0.221619232,3.854143394
56,17,19.59733516,-0.930318065,1,-0.083764515,0.865491701
56,18,15.79486962,-0.041218267,1,-0.195679311,0.001698946
57,12,10.66059997,-5.981404579,1,-0.046133977,35.77720074
57,13,12.87608762,-5.11097964,1,0.14227913,26.12211288
57,14,14.35452916,-3.911802083,1,-0.266278918,15.30219554
57,15,18.80804533,-2.956311509,1,-0.341806875,8.739777736
57,16,16.366711,-1.958786577,1,-0.180582109,3.836844856
57,17,21.97936522,-0.732307102,1,-0.166571704,0.536273691
57,18,26.43228545,-0.200447128,1,-0.203409743,0.040179051
58,12,21.24996764,-5.99222272,0.103434122,-0.630343261,35.90673312
58,13,25.41811282,-4.948386456,0.103434122,-0.754538328,24.48652852
58,14,19.48186394,-3.944220363,0.103434122,-1.038169216,15.55687428
58,15,27.08285699,-3.038978574,0.103434122,-0.667191441,9.235390773
58,16,27.8506444,-2.128959762,0.103434122,-0.647833336,4.532469667
58,17,30.4892229,-1.130223298,0.103434122,-0.132559333,1.277404704
58,18,30.00232888,0.017381173,0.103434122,-0.247958184,0.000302105
59,12,14.80393597,-6.313757469,0.399500821,0.042761454,39.86353337
59,13,20.52451458,-4.70243845,0.399500821,0.416058493,22.11292737
59,14,18.45820289,-4.074039308,0.399500821,-0.196960311,16.59779629
59,15,19.23716451,-3.232756012,0.399500821,-0.087429544,10.45071143
59,16,20.8847431,-2.084593236,0.399500821,-0.538536464,4.345528961
59,17,18.57107611,-0.935988903,0.399500821,-0.546672282,0.876075226
59,18,29.49427671,0.033964508,0.399500821,-0.329199986,0.001153588
60,12,22.16334462,-6.026560278,-0.204720326,0.214098591,36.31942878
60,13,26.54313307,-5.074480249,-0.204720326,-0.218341075,25.75034979
60,14,21.42549923,-4.104723507,-0.204720326,-0.40776426,16.84875507
60,15,24.00692456,-2.821142345,-0.204720326,0.071962195,7.958844133
60,16,24.20306382,-2.245134068,-0.204720326,0.434326202,5.040626985
60,17,25.10926807,-0.699343521,-0.204720326,0.009579463,0.48908136
60,18,30.57293475,-0.054228978,-0.204720326,0.253028938,0.002940782
61,12,14.7222772,-6.066882049,-0.639159242,0.926705652,36.80705779
61,13,18.99345274,-5.010662977,-0.639159242,1.302188241,25.10674347
61,14,10.49824019,-3.806285065,-0.639159242,0.56748222,14.487806
61,15,14.21921919,-3.073206226,-0.639159242,0.670643188,9.444596506
61,16,18.7946331,-2.056262432,-0.639159242,1.254580804,4.22821519
61,17,16.43910165,-0.929391582,-0.639159242,0.123744989,0.863768713
61,18,16.60956746,0.026336587,-0.639159242,0.423009825,0.000693616
62,12,20.84989461,-5.969114856,0.395989717,-0.952234666,35.63033216
62,13,18.78826628,-4.936250979,0.395989717,-1.37228916,24.36657373
62,14,24.26188109,-3.69655887,0.395989717,-0.658347027,13.66454748
62,15,18.45986641,-2.723819733,0.395989717,-0.377653771,7.419193941
62,16,22.17661407,-1.987048019,0.395989717,-0.706314644,3.948359829
62,17,22.63412284,-0.927540917,0.395989717,-0.430606802,0.860332153
62,18,21.06403291,0.151926828,0.395989717,-0.419988676,0.023081761
63,12,16.79673494,-6.059352764,0.105945317,0.375123704,36.71575592
63,13,17.81632008,-4.771257251,0.105945317,0.357253733,22.76489576
63,14,13.17152703,-3.927213464,0.105945317,0.404343898,15.42300559
63,15,11.76344382,-3.100458253,0.105945317,0.572697612,9.612841378
63,16,12.20275887,-1.854551859,0.105945317,0.439640356,3.439362596
63,17,12.71755638,-0.963798796,0.105945317,1.202895026,0.928908119
63,18,12.27076701,0.181793842,0.105945317,1.095326483,0.033049001
64,12,16.68984014,-6.017004732,0.532606243,-0.442956686,36.20434595
64,13,11.89314364,-5.007297512,0.532606243,-0.460378735,25.07302837
64,14,17.6676778,-4.094575907,0.532606243,-0.673003009,16.76555186
64,15,18.55135977,-2.794472421,0.532606243,-0.107205076,7.809076114
64,16,19.08550143,-2.125816016,0.532606243,-0.522506928,4.519093732
64,17,20.7300304,-1.123542975,0.532606243,-0.35850636,1.262348816
64,18,22.13924555,0.076584062,0.532606243,-0.730354234,0.005865119
65,12,15.05936626,-5.618805475,0.025538459,-0.707964683,31.57097497
65,13,15.80914869,-4.777279969,0.025538459,-1.013868872,22.8224039
65,14,10.18633969,-4.008011637,0.025538459,-0.826779554,16.06415729
65,15,10.02031366,-2.911502247,0.025538459,-0.330794212,8.476845332
65,16,10.60654948,-2.142453927,0.025538459,-0.110637868,4.590108831
65,17,12.54167266,-1.187333433,0.025538459,-0.092739759,1.409760682
65,18,13.29106453,-0.020865488,0.025538459,-0.202355635,0.000435369
66,12,14.92184448,-6.173758283,0.180738586,-0.159638868,38.11529134
66,13,15.05843617,-5.187756112,0.180738586,0.241586958,26.91281347
66,14,17.62338666,-3.98469441,0.180738586,0.502868059,15.87778954
66,15,16.32086756,-3.012442975,0.180738586,0.249924512,9.07481268
66,16,15.51724433,-2.082775931,0.180738586,-0.258120435,4.33795558
66,17,21.40331347,-1.113846121,0.180738586,-0.071790447,1.240653182
66,18,32.18663499,-0.142844732,0.180738586,0.49642889,0.020404618
67,12,16.64347426,-6.157899945,-0.637370286,0.408957685,37.91973173
67,13,19.14489327,-5.071789981,-0.637370286,1.053576894,25.72305361
67,14,17.75954402,-3.857071693,-0.637370286,1.031104249,14.87700204
67,15,12.05493199,-3.082185602,-0.637370286,0.688802741,9.499868085
67,16,17.56282183,-1.969687776,-0.637370286,0.546751959,3.879669934
67,17,14.2088233,-1.066349294,-0.637370286,0.248187144,1.137100817
67,18,19.57223605,-0.114616112,-0.637370286,0.771669068,0.013136853
68,12,12.04994638,-6.245893994,-0.733243266,-0.273733251,39.01119179
68,13,12.47996257,-5.068742517,-0.733243266,-0.04207832,25.6921507
68,14,17.45696664,-4.089849258,-0.733243266,-0.411596875,16.72686695
68,15,26.0395022,-2.396022189,-0.733243266,-0.565441307,5.740922329
68,16,19.86492836,-2.036813635,-0.733243266,-0.294809275,4.148609783
68,17,26.81723577,-1.024985428,-0.733243266,-0.418851225,1.050595128
68,18,29.5497095,-0.167072977,-0.733243266,-0.517066955,0.02791338
69,12,16.93051426,-5.879990054,1,-1.077896917,34.57428303
69,13,21.10636209,-4.924380855,1,-0.766588503,24.24952681
69,14,19.89683056,-3.959899231,1,-1.099980028,15.68080192
69,15,22.2017855,-2.732011639,1,-0.467367898,7.463887598
69,16,17.72936707,-2.154423955,1,-0.666114352,4.641542578
69,17,22.55186533,-0.870200133,1,-0.517736822,0.757248271
69,18,24.6521884,0.244503046,1,-0.182435361,0.05978174
70,12,13.96169273,-6.064997131,-1.562633365,-0.331110617,36.78419019
70,13,18.10741365,-5.036851442,-1.562633365,-0.542620839,25.36987245
70,14,15.0319071,-4.207692865,-1.562633365,-0.293865688,17.70467924
70,15,19.02785971,-2.943689329,-1.562633365,-0.198540171,8.665306868
70,16,16.19419125,-1.932223556,-1.562633365,-0.100938666,3.73348787
70,17,17.34331537,-1.171145961,-1.562633365,0.066913931,1.371582862
70,18,25.64416693,0.130218534,-1.562633365,0.437389408,0.016956867
71,12,13.21915705,-6.017872652,-0.531904795,0.354623051,36.21479126
71,13,15.25529674,-5.039390649,-0.531904795,0.319785595,25.39545811
71,14,19.38545335,-3.983565753,-0.531904795,0.180478483,15.86879611
71,15,18.5430127,-3.092694568,-0.531904795,0.20655652,9.564759691
71,16,12.51305137,-2.146834125,-0.531904795,0.143413885,4.608896761
71,17,12.28302578,-1.192458244,-0.531904795,-0.013936783,1.421956664
71,18,15.80256554,0.135211831,-0.531904795,0.139602373,0.018282239
72,12,22.23157898,-5.809668011,0.406114018,-1.977990309,33.7522424
72,13,23.14076636,-5.258755483,0.406114018,-1.551842303,27.65450923
72,14,18.90889036,-3.861872412,0.406114018,-0.936689587,14.91405852
72,15,20.2715138,-2.658367717,0.406114018,-0.562666484,7.066918921
72,16,20.10604365,-2.05695294,0.406114018,-0.780552809,4.231055396
72,17,24.25371129,-1.030511876,0.406114018,-0.24706564,1.061954728
72,18,27.0064376,0.127176019,0.406114018,0.163249409,0.01617374
73,12,19.29367625,-6.155839358,-0.449511847,1.173346325,37.8943582
73,13,13.25749571,-4.909367734,-0.449511847,1.215918814,24.10189155
73,14,15.8118673,-4.327830424,-0.449511847,1.062959308,18.73011618
73,15,21.91408569,-3.161432481,-0.449511847,1.255443506,9.994655331
73,16,22.61408132,-2.358113926,-0.449511847,0.900883665,5.56070129
73,17,17.38139091,-1.137221763,-0.449511847,0.073501286,1.293273339
73,18,23.66034895,-0.056592616,-0.449511847,0.719056739,0.003202724
74,12,16.51273384,-6.032987849,0.081821057,-0.725773949,36.39694238
74,13,16.0397882,-5.17396925,0.081821057,-0.685411009,26.7699578
74,14,20.34583354,-3.788108597,0.081821057,-0.829826129,14.34976674
74,15,22.37292854,-2.993380918,0.081821057,-0.660713803,8.960329318
74,16,16.44729829,-2.086382415,0.081821057,-0.491918282,4.352991582
74,17,23.23725285,-1.062506971,0.081821057,-0.21670239,1.128921063
74,18,29.54950879,-0.03846224,0.081821057,0.059310238,0.001479344
75,12,25.34707684,-6.033978894,-1.123288969,0.586180311,36.40890129
75,13,16.37462776,-4.750423521,-1.123288969,-0.68817946,22.56652363
75,14,21.48998677,-3.953401957,-1.123288969,0.091908053,15.62938703
75,15,24.6718445,-3.021335707,-1.123288969,-0.123864574,9.128469452
75,16,24.01664357,-2.180431891,-1.123288969,0.691569064,4.754283233
75,17,18.33772226,-0.666609858,-1.123288969,0.220084801,0.444368702
75,18,31.53207135,0.064928731,-1.123288969,0.694235656,0.00421574
76,12,12.38201751,-5.771692072,-0.088833899,0.328128736,33.31242937
76,13,10.63597341,-5.427687093,-0.088833899,-0.066338804,29.45978718
76,14,13.21668842,-4.042843787,-0.088833899,-0.075115411,16.34458589
76,15,20.74925341,-3.212572332,-0.088833899,-0.246997239,10.32062099
76,16,18.38644846,-2.166866512,-0.088833899,-0.2598043,4.695310481
76,17,23.75927161,-1.145399856,-0.088833899,-0.458241656,1.31194083
76,18,27.40415606,0.068021278,-0.088833899,0.05350272,0.004626894
77,12,15.31801658,-5.911285132,-0.496845291,0.225391665,34.94329191
77,13,16.67292378,-4.87395531,-0.496845291,0.393968933,23.75544037
77,14,18.31611426,-4.170134723,-0.496845291,0.006984492,17.39002361
77,15,19.68362452,-3.114409417,-0.496845291,0.068197408,9.699546017
77,16,16.33397018,-2.294215496,-0.496845291,0.156045576,5.263424744
77,17,19.36021247,-1.260213737,-0.496845291,-0.089344383,1.588138662
77,18,27.44676891,-0.090421627,-0.496845291,0.001256305,0.008176071
78,12,22.90219957,-5.878371386,-0.087078568,-0.865779661,34.55525016
78,13,16.71560376,-4.722728184,-0.087078568,-0.86067414,22.3041615
78,14,15.69175485,-3.771988455,-0.087078568,-1.053867068,14.22789691
78,15,14.62965869,-3.23357861,-0.087078568,-0.506658554,10.45603063
78,16,22.19594644,-2.063790321,-0.087078568,-0.01007299,4.259230489
78,17,19.79570819,-1.025717031,-0.087078568,-0.00850935,1.052095428
78,18,23.49283624,-0.000982734,-0.087078568,0.15779211,9.66E-07
79,12,19.09809617,-6.066696527,-0.306257497,0.254897004,36.80480676
79,13,12.68457082,-5.223425022,-0.306257497,0.117115631,27.28416897
79,14,17.7466511,-4.272094672,-0.306257497,0.139901363,18.25079289
79,15,13.85898588,-3.066129768,-0.306257497,0.267739561,9.401151752
79,16,18.30439848,-2.066922062,-0.306257497,0.458901328,4.272166812
79,17,16.47768234,-0.767904496,-0.306257497,0.54880748,0.589677315
79,18,15.10895686,0.040312652,-0.306257497,0.040865933,0.00162511
80,12,10.42776523,-6.099760843,0.234377801,0.615678721,37.20708234
80,13,16.17767091,-4.934581926,0.234377801,0.667678126,24.35009878
80,14,13.85914681,-3.935572952,0.234377801,1.231466755,15.48873446
80,15,14.40046137,-2.69175041,0.234377801,0.316015909,7.245520268
80,16,14.4465785,-1.933557778,0.234377801,0.187431668,3.738645681
80,17,16.64673871,-1.090861093,0.234377801,0.005740646,1.189977924
80,18,22.08479463,-0.240813374,0.234377801,-0.31852852,0.057991081
81,12,17.01152402,-6.191470754,-0.466438563,-0.216718719,38.3343101
81,13,15.12883783,-5.173685002,-0.466438563,0.107492347,26.7670165
81,14,16.81585642,-4.067996752,-0.466438563,-0.358898172,16.54859757
81,15,11.50600111,-2.682476265,-0.466438563,-0.262327171,7.195678912
81,16,18.13122656,-2.006163803,-0.466438563,-0.210752945,4.024693204
81,17,17.13610317,-0.78249666,-0.466438563,-0.067130412,0.612301023
81,18,19.88020435,-0.023069206,-0.466438563,0.513786453,0.000532188
82,12,21.45434091,-5.9256358,0.622012567,0.430094547,35.11315963
82,13,19.4059709,-5.076859408,0.622012567,0.328288883,25.77450145
82,14,21.70655183,-4.279063102,0.622012567,0.189062191,18.31038103
82,15,21.55070625,-2.783494068,0.622012567,0.464405475,7.747839226
82,16,17.54349903,-2.404515055,0.622012567,-0.122367091,5.781692651
82,17,22.70132005,-0.983050467,0.622012567,-0.408832276,0.966388221
82,18,19.58642962,0.003730179,0.622012567,-0.20854966,1.39E-05
83,12,14.83242242,-6.358438585,0.050768435,0.036946888,40.42974124
83,13,12.66752764,-4.856813232,0.050768435,0.238693984,23.58863477
83,14,12.44374689,-3.504743967,0.050768435,0.550001295,12.28323028
83,15,10.12766387,-3.354226044,0.050768435,0.265698835,11.25083236
83,16,16.8886843,-1.953045339,0.050768435,0.522306512,3.814386097
83,17,15.02129327,-0.969267527,0.050768435,0.945165069,0.939479539
83,18,15.37350403,0.056287191,0.050768435,0.318816277,0.003168248
84,12,12.95638757,-6.086705631,-0.501925469,0.37303595,37.04798544
84,13,22.83664704,-4.689649414,-0.501925469,0.361424524,21.99281163
84,14,16.24380206,-4.103560169,-0.501925469,-0.078890144,16.83920606
84,15,22.49672772,-2.93777997,-0.501925469,-0.045850682,8.63055115
84,16,23.14546702,-2.047028113,-0.501925469,-0.214587002,4.190324093
84,17,28.4535251,-0.911034952,-0.501925469,-0.127856849,0.829984685
84,18,29.07170768,0.015442463,-0.501925469,-0.702027205,0.00023847
85,12,19.52985289,-6.469120987,0.601027745,-0.151826038,41.84952634
85,13,13.78975609,-4.829741781,0.601027745,0.172056211,23.32640567
85,14,17.65050684,-4.010534715,0.601027745,-0.486516531,16.0843887
85,15,21.6719369,-2.948095575,0.601027745,0.090317676,8.691267519
85,16,19.31179945,-1.79226725,0.601027745,0.384456776,3.212221897
85,17,19.46765641,-0.752232826,0.601027745,-0.0362307,0.565854225
85,18,20.75738793,0.049820373,0.601027745,-0.631875893,0.00248207
86,12,12.59832418,-6.100024736,-0.466656689,-0.777615636,37.21030178
86,13,19.36284955,-5.004756816,-0.466656689,-0.980074601,25.04759079
86,14,17.84017689,-4.082056037,-0.466656689,-0.246511772,16.66318149
86,15,15.94913203,-2.933098582,-0.466656689,-0.699151159,8.603067293
86,16,16.88542155,-2.117043589,-0.466656689,-0.235638248,4.481873558
86,17,17.14660698,-1.199131557,-0.466656689,-1.041208871,1.43791649
86,18,17.33271453,-0.243076059,-0.466656689,-0.653512793,0.059085971
87,12,25.36498596,-6.230318381,0.482911048,-0.512629275,38.81686713
87,13,25.35763576,-4.937609708,0.482911048,-0.482459798,24.37998963
87,14,30.81018949,-4.041076641,0.482911048,-0.235524759,16.33030042
87,15,26.50459065,-3.117857216,0.482911048,-0.024472882,9.721033618
87,16,28.15401481,-1.901231913,0.482911048,0.104262986,3.614682789
87,17,28.19950357,-1.176846869,0.482911048,0.020187197,1.384968553
87,18,25.1876979,-0.10135622,0.482911048,0.120510964,0.010273083
88,12,16.11383504,-5.956545266,-0.880774213,0.138744737,35.48043151
88,13,19.13073375,-5.078696536,-0.880774213,-0.244238292,25.7931585
88,14,17.43834168,-3.620943961,-0.880774213,-0.773151285,13.11123517
88,15,27.73168404,-3.031982866,-0.880774213,0.049455134,9.192920098
88,16,19.91561641,-1.932176596,-0.880774213,-0.959636703,3.733306397
88,17,29.92001378,-1.151996926,-0.880774213,-0.444265067,1.327096919
88,18,34.10091943,-0.005211378,-0.880774213,-0.611958361,2.72E-05
89,12,21.2486205,-5.923833251,-0.024352966,-0.928859138,35.09180038
89,13,19.44328187,-5.118689094,-0.024352966,-0.304161646,26.20097804
89,14,27.19143274,-4.122972062,-0.024352966,-0.307828781,16.99889863
89,15,25.73130979,-2.904381102,-0.024352966,0.162251037,8.435429588
89,16,25.53181694,-2.01925198,-0.024352966,0.310399055,4.077378559
89,17,27.68933516,-1.242043551,-0.024352966,0.644076322,1.542672184
89,18,28.77127165,0.097434197,-0.024352966,0.973640033,0.009493423
90,12,21.92153259,-6.093174817,0.878620896,0.330471623,37.12677935
90,13,18.76382004,-5.068931261,0.878620896,0.517736926,25.69406413
90,14,17.67566788,-4.141794487,0.878620896,0.374140626,17.15446157
90,15,20.25420363,-2.914103514,0.878620896,-0.262038747,8.491999293
90,16,22.77979158,-2.144410418,0.878620896,0.037767496,4.598496041
90,17,26.93874951,-0.759305178,0.878620896,-0.078841495,0.576544354
90,18,26.55365,-0.041041819,0.878620896,-0.60072344,0.001684431
91,12,18.62356793,-6.069806532,-0.115952745,0.49405413,36.84255134
91,13,12.02438462,-5.035988997,-0.115952745,0.452236824,25.36118518
91,14,20.79458402,-3.764178049,-0.115952745,-0.199453921,14.16903639
91,15,21.98414141,-2.744263879,-0.115952745,0.2528817,7.53098424
91,16,22.24536533,-1.749158594,-0.115952745,0.247620124,3.059555786
91,17,24.62819928,-0.944578171,-0.115952745,0.363120027,0.892227921
91,18,26.66631289,0.299503456,-0.115952745,0.022536023,0.08970232
92,12,13.47061309,-5.952753853,-0.056900866,1.45345497,35.43527844
92,13,10.87855044,-4.7927517,-0.056900866,1.1458514,22.97046886
92,14,13.25273124,-3.818432564,-0.056900866,0.919675899,14.58042724
92,15,19.0974413,-2.917335967,-0.056900866,0.907511758,8.510849144
92,16,16.45955192,-1.810089939,-0.056900866,0.613136437,3.276425587
92,17,10.30561266,-1.03122198,-0.056900866,0.065703819,1.063418773
92,18,18.2348271,-0.215416286,-0.056900866,0.589880885,0.046404177
93,12,17.85880821,-5.889501965,0.581193688,1.699365509,34.68623339
93,13,18.17631011,-5.080864783,0.581193688,1.633347207,25.81518694
93,14,14.12070213,-4.243826899,0.581193688,1.110110182,18.01006675
93,15,14.08944543,-3.001600105,0.581193688,1.203344809,9.009603189
93,16,13.13760514,-2.151523196,0.581193688,0.700646616,4.629052064
93,17,20.37015439,-0.808161311,0.581193688,0.299670426,0.653124704
93,18,19.95063462,0.197161968,0.581193688,0.24475866,0.038872841
94,12,26.24822662,-5.567496894,-0.280207085,-0.233719929,30.99702166
94,13,19.58289713,-4.566268324,-0.280207085,-0.61672212,20.85080641
94,14,20.0886069,-4.013554831,-0.280207085,-0.396000814,16.10862238
94,15,24.31571826,-3.148428508,-0.280207085,-0.336008259,9.91260207
94,16,22.2872735,-1.986404435,-0.280207085,-0.446140288,3.94580258
94,17,24.23496288,-1.084532043,-0.280207085,-0.395560033,1.176209753
94,18,26.57631388,0.023840945,-0.280207085,-0.177791489,0.000568391
95,12,22.8412457,-6.038917485,-0.493974311,0.52107436,36.4685244
95,13,21.25746681,-4.916767776,-0.493974311,0.769351479,24.17460536
95,14,18.7439916,-4.08724013,-0.493974311,0.107473945,16.70553188
95,15,23.33985807,-3.024862994,-0.493974311,0.551767343,9.149796134
95,16,26.8774098,-1.774871128,-0.493974311,0.221164947,3.150167522
95,17,21.00682578,-0.638213025,-0.493974311,-0.206326663,0.407315865
95,18,28.10956218,-0.030262788,-0.493974311,-0.345246678,0.000915836
96,12,10,-6.078697504,0.568415856,-0.343591524,36.95056334
96,13,10.36979603,-4.901046388,0.568415856,-0.030778,24.0202557
96,14,10,-3.895111234,0.568415856,-0.67704969,15.17189152
96,15,11.8106011,-2.964144984,0.568415856,-0.514478574,8.786155487
96,16,17.82774805,-2.063281431,0.568415856,-0.485333622,4.257130264
96,17,16.32857194,-0.832532288,0.568415856,-0.127637259,0.693110011
96,18,14.93582068,0.080988149,0.568415856,-0.00661388,0.00655908
97,12,14.78573049,-6.000975325,0.104338658,-0.155501979,36.01170485
97,13,19.13550415,-5.108087186,0.104338658,-0.404271983,26.0925547
97,14,25.20971948,-4.063278387,0.104338658,0.261646268,16.51023125
97,15,23.82321637,-2.555285952,0.104338658,0.028535518,6.529486296
97,16,28.10291585,-2.302356357,0.104338658,-0.239395479,5.300844796
97,17,30.03867813,-1.326378806,0.104338658,-0.046233017,1.759280737
97,18,26.86251488,0.185752985,0.104338658,-0.615964167,0.034504171
98,12,25.92559204,-6.033118997,0.784258808,-0.453255971,36.39852484
98,13,20.81093908,-4.882217177,0.784258808,-0.571269901,23.83604456
98,14,25.85267011,-4.010183069,0.784258808,-0.343577943,16.08156825
98,15,18.42220597,-2.605561721,0.784258808,-0.061291987,6.788951884
98,16,25.13451978,-1.840186188,0.784258808,-0.135439392,3.386285207
98,17,18.10885944,-1.3534857,0.784258808,0.132334018,1.831923539
98,18,20.30084912,-0.047211256,0.784258808,-0.16211491,0.002228903
99,12,27.04625781,-6.385870345,-0.176882006,0.095638901,40.77934007
99,13,26.79673563,-4.874857864,-0.176882006,-0.163904726,23.7642392
99,14,24.53790846,-3.80049855,-0.176882006,0.245008434,14.44378923
99,15,21.17085078,-2.880234773,-0.176882006,-0.082930902,8.295752349
99,16,21.9528241,-1.968411672,-0.176882006,0.453958238,3.874644511
99,17,25.84923704,-1.19588675,-0.176882006,0.451097508,1.430145118
99,18,25.13870008,-0.176713147,-0.176882006,0.83903411,0.031227536
100,12,15.45519128,-5.894614285,-0.303471968,1.545372996,34.74647757
100,13,16.76420309,-5.099703789,-0.303471968,0.951397028,26.00697874
100,14,15.13230205,-4.226030687,-0.303471968,1.003814181,17.85933536
100,15,12.60773112,-3.14215903,-0.303471968,1.181158842,9.873163371
100,16,16.01311449,-1.881397335,-0.303471968,1.014265984,3.539655934
100,17,18.36751827,-1.071802524,-0.303471968,0.954349181,1.148760651
100,18,20.751713,-0.119657718,-0.303471968,0.882697916,0.014317969
101,12,13.90244884,-6.035749473,0.396365284,0.384519228,36.4302717
101,13,14.68733593,-4.893423111,0.396365284,0.486514119,23.94558974
101,14,18.13897348,-4.086988466,0.396365284,0.269786965,16.70347472
101,15,16.8040412,-2.839161613,0.396365284,-0.047616084,8.060838664
101,16,10.15232439,-2.031776312,0.396365284,0.106469436,4.128114983
101,17,14.41786486,-0.905034765,0.396365284,0.42454433,0.819087926
101,18,20.4908798,0.084348668,0.396365284,0.378346488,0.007114698
102,12,10.90922677,-5.903089655,0.482931402,-0.094081842,34.84646747
102,13,14.04136409,-4.645093911,0.482931402,-0.485303444,21.57689744
102,14,16.47178386,-4.004478823,0.482931402,0.281301149,16.03585065
102,15,18.84432634,-2.828962129,0.482931402,0.358097575,8.003026727
102,16,18.0759554,-2.123325055,0.482931402,0.282743912,4.508509289
102,17,17.86189312,-1.359658477,0.482931402,-0.246160488,1.848671173
102,18,22.41704136,-0.135146365,0.482931402,-0.019529309,0.01826454
103,12,18.0731792,-6.12767544,-0.0673381,1.706256816,37.5484063
103,13,17.0667951,-4.9630888,-0.0673381,1.240374419,24.63225044
103,14,13.39385306,-3.723781271,-0.0673381,1.232763183,13.86654695
103,15,11.61876833,-3.057190553,-0.0673381,0.102994695,9.346414078
103,16,16.0049728,-2.129042115,-0.0673381,0.5125683,4.532820328
103,17,17.14057936,-0.843532227,-0.0673381,0.420954823,0.711546618
103,18,22.47508333,0.097970761,-0.0673381,0.125191133,0.00959827
104,12,10,-6.201919325,1,1.848157399,38.46380331
104,13,10,-5.18086013,1,1.206731801,26.84131168
104,14,10,-4.011969289,1,1.707771486,16.09589758
104,15,14.98717885,-2.777084651,1,1.358445712,7.712199157
104,16,11.16368124,-2.013186373,1,1.642663968,4.05291937
104,17,14.35008008,-0.947481579,1,1.350209842,0.897721342
104,18,18.96217856,0.276643463,1,1.154967784,0.076531606
105,12,21.69636779,-5.934793275,0.043221972,-0.282928463,35.22177121
105,13,28.26334115,-4.723026525,0.043221972,0.353500371,22.30697955
105,14,25.10822791,-3.908320244,0.043221972,-0.049893999,15.27496713
105,15,21.15336702,-2.897869402,0.043221972,-0.095387074,8.397647072
105,16,28.53987518,-1.953989352,0.043221972,0.471153449,3.818074387
105,17,31.48146145,-1.147860054,0.043221972,0.08926187,1.317582704
105,18,27.64592453,-0.012057803,0.043221972,-0.227566297,0.000145391
106,12,15.92767162,-6.20180532,0.439510976,-0.764580602,38.46238923
106,13,12.5630582,-5.148050455,0.439510976,-0.377272951,26.50242349
106,14,16.8250169,-3.890473953,0.439510976,-1.004516314,15.13578758
106,15,17.47429984,-3.074600755,0.439510976,-0.38780056,9.453169804
106,16,18.99107978,-2.193426795,0.439510976,-0.249225649,4.811121104
106,17,16.33196972,-1.122452476,0.439510976,0.085697442,1.259899561
106,18,21.81741295,0.237685684,0.439510976,-0.174464886,0.056494484
107,12,23.53647063,-6.211911257,-0.782162744,1.581833719,38.58784147
107,13,15.37390637,-5.090843538,-0.782162744,1.126244649,25.91668793
107,14,23.35834184,-4.069272783,-0.782162744,1.508192021,16.55898099
107,15,21.40708839,-2.943632584,-0.782162744,0.622553491,8.664972791
107,16,24.08247854,-2.033795268,-0.782162744,1.010020494,4.136323193
107,17,25.66094973,-1.228243987,-0.782162744,1.040803125,1.508583291
107,18,35.23552294,0.313252218,-0.782162744,0.759263871,0.098126952
108,12,16.66242937,-5.714688193,1,0.188229683,32.65766114
108,13,13.35382425,-4.749147865,1,0.132899903,22.55440544
108,14,14.65411259,-3.967602727,1,0.219595686,15.7418714
108,15,20.52399806,-2.609754423,1,-0.111551218,6.810818146
108,16,17.49206885,-1.956513807,1,0.312659775,3.827946279
108,17,22.80750769,-0.763224483,1,0.568240632,0.582511612
108,18,23.68931587,-0.077937699,1,0.25887532,0.006074285
109,12,24.61490813,-6.177680335,-0.275313828,-0.713707548,38.16373432
109,13,20.13197076,-5.110550975,-0.275313828,-0.34215096,26.11773127
109,14,20.09862179,-3.805068973,-0.275313828,-0.190330902,14.47854989
109,15,23.01399601,-3.123288573,-0.275313828,-0.112846521,9.754931508
109,16,22.25861362,-2.165814331,-0.275313828,-0.517989131,4.690751717
109,17,21.85590007,-1.046129412,-0.275313828,-0.18064507,1.094386746
109,18,21.65865477,0.145163964,-0.275313828,0.194496993,0.021072576
110,12,18.06358309,-6.200933891,-0.365631073,0.364767308,38.45158111
110,13,17.63128538,-5.006906883,-0.365631073,0.215862369,25.06911654
110,14,19.17937489,-4.152670137,-0.365631073,0.253074211,17.24466927
110,15,21.24299762,-3.157722239,-0.365631073,0.559804795,9.971209736
110,16,22.49208839,-1.890600366,-0.365631073,0.653647363,3.574369746
110,17,22.33998783,-1.244082815,-0.365631073,0.127257934,1.547742051
110,18,25.72066033,0.051918874,-0.365631073,0.987286079,0.00269557
111,12,25.27694891,-6.032615886,-0.797985795,-0.94494728,36.39245443
111,13,27.06996789,-5.246989095,-0.797985795,-0.226635616,27.53089456
111,14,20.72690625,-4.118369152,-0.797985795,-1.134341744,16.96096447
111,15,26.27677366,-3.070983107,-0.797985795,-0.492713967,9.430937241
111,16,25.35219263,-2.080776262,-0.797985795,-0.029509668,4.329629854
111,17,26.16821659,-1.11763997,-0.797985795,-0.127302828,1.249119103
111,18,27.58273576,0.329619935,-0.797985795,-0.011271583,0.108649301
112,12,14.56357222,-5.987460416,0.097924095,-2,35.84968223
112,13,18.03549448,-4.921814264,0.097924095,-1.824047402,24.22425565
112,14,16.98904721,-4.182795582,0.097924095,-2,17.49577888
112,15,23.34844836,-3.110229842,0.097924095,-1.868494343,9.673529669
112,16,21.69804398,-1.960941182,0.097924095,-1.708175597,3.845290321
112,17,26.39238073,-0.753538296,0.097924095,-1.864550554,0.567819964
112,18,36.28242653,0.032733033,0.097924095,-1.660224139,0.001071451
113,12,17.37021278,-6.05762804,-0.982730667,-1.180254527,36.69485747
113,13,19.93773935,-5.056775504,-0.982730667,-0.819890558,25.5709785
113,14,19.02731368,-3.825832696,-0.982730667,-0.81201515,14.63699582
113,15,28.29647014,-3.062277935,-0.982730667,-0.118572117,9.37754615
113,16,26.06227552,-1.960813774,-0.982730667,-0.065818166,3.844790655
113,17,29.7504978,-0.769806147,-0.982730667,-0.142204956,0.592601504
113,18,31.44468243,-0.038166422,-0.982730667,0.139244562,0.001456676
114,12,22.28825558,-5.815927724,-0.714716302,0.15432229,33.82501529
114,13,22.38603257,-4.707612266,-0.714716302,0.251139017,22.16161325
114,14,21.21284478,-3.705199977,-0.714716302,-0.148065079,13.72850687
114,15,22.72331732,-2.587583973,-0.714716302,0.193424287,6.695590818
114,16,27.93084212,-2.073025754,-0.714716302,0.081872248,4.297435775
114,17,27.40346407,-1.319268526,-0.714716302,0.279650953,1.740469445
114,18,33.31363973,0.041184768,-0.714716302,0.628614464,0.001696185
115,12,19.61231124,-6.291774952,0.029104184,0.748714144,39.58643204
115,13,11.87654357,-4.811846454,0.029104184,0.67462238,23.1538663
115,14,15.93541127,-4.006827687,0.029104184,0.741987496,16.05466811
115,15,20.1557686,-3.286242798,0.029104184,1.210226116,10.79939173
115,16,14.57789911,-1.875362804,0.029104184,0.945320324,3.516985647
115,17,24.29720099,-0.907526073,0.029104184,1.235962983,0.823603574
115,18,26.86794284,0.142901164,0.029104184,1.368095547,0.020420743
116,12,19.62914262,-6.114622037,-0.906785839,1.269747507,37.38860266
116,13,11.97479651,-4.930506438,-0.906785839,1.245842342,24.30989373
116,14,14.32115911,-3.631359422,-0.906785839,0.935776904,13.18677125
116,15,17.79296193,-2.89508641,-0.906785839,1.027201746,8.381525319
116,16,17.43915661,-2.325345657,-0.906785839,0.498192673,5.407232427
116,17,13.80034276,-1.205467072,-0.906785839,0.308728917,1.453150862
116,18,17.23964532,-0.0190708,-0.906785839,0.031602866,0.000363695
117,12,12.93343127,-6.003781515,0.040211798,1.450217076,36.04539248
117,13,13.4990659,-4.928353882,0.040211798,2,24.28867199
117,14,13.67993406,-4.32907878,0.040211798,1.967525096,18.74092308
117,15,12.48082678,-3.266951554,0.040211798,1.140171848,10.67297246
117,16,20.36371792,-1.652323892,0.040211798,1.074182459,2.730174245
117,17,19.1500963,-0.718883372,0.040211798,0.935320795,0.516793303
117,18,24.41750105,-0.080720605,0.040211798,1.06891391,0.006515816
118,12,14.50521018,-5.984642008,-0.071508873,-0.282859661,35.81593997
118,13,19.92145838,-4.97445447,-0.071508873,-0.467198914,24.74519728
118,14,17.22099056,-4.048114808,-0.071508873,-0.387023097,16.3872335
118,15,13.52168068,-2.915348845,-0.071508873,-0.609646841,8.499258889
118,16,20.47160319,-1.896784384,-0.071508873,0.048439283,3.597791
118,17,19.15161282,-1.009448671,-0.071508873,0.516714117,1.01898662
118,18,18.30907852,0.270865613,-0.071508873,0.413610779,0.07336818
119,12,33.1038584,-6.033825051,-0.306408822,-2,36.40704475
119,13,28.70677855,-5.008576599,-0.306408822,-1.538473462,25.08583955
119,14,31.9422193,-4.100342162,-0.306408822,-1.567319083,16.81280584
119,15,29.55204324,-2.907812932,-0.306408822,-1.264041958,8.455376045
119,16,29.95571289,-1.687368842,-0.306408822,-0.598590773,2.847213611
119,17,31.97803072,-0.918610677,-0.306408822,-0.485512665,0.843845576
119,18,26.14399104,0.035759184,-0.306408822,-0.357090588,0.001278719
120,12,12.6931536,-5.821568243,0.281609297,0.267821993,33.8906568
120,13,13.31195515,-4.81843416,0.281609297,0.397904887,23.21730776
120,14,11.89987071,-4.240421082,0.281609297,0.071232828,17.98117095
120,15,11.76695549,-2.883638058,0.281609297,0.144784895,8.31536845
120,16,14.88471413,-2.228418782,0.281609297,0.126780472,4.965850269
120,17,15.44897564,-0.993649806,0.281609297,-0.168179662,0.987339938
120,18,19.17634993,-0.094379069,0.281609297,-0.185575941,0.008907409
121,12,15.12990618,-5.817581171,-0.23769291,0.773555784,33.84425068
121,13,17.46057734,-4.869793974,-0.23769291,0.381505841,23.71489335
121,14,11.46729786,-4.030811049,-0.23769291,0.297122562,16.24743771
121,15,20.24870526,-3.198900846,-0.23769291,0.665064778,10.23296662
121,16,21.30633129,-1.826807095,-0.23769291,0.682101808,3.337224161
121,17,21.16631885,-0.996953221,-0.23769291,0.821036142,0.993915726
121,18,20.2613201,0.01032654,-0.23769291,-0.071487258,0.000106637
122,12,15.56419649,-6.000707112,-0.031292615,-1.02516324,36.00848584
122,13,17.72662632,-5.330964513,-0.031292615,-0.597510848,28.41918264
122,14,17.64334788,-3.930867254,-0.031292615,-1.072284272,15.45171737
122,15,23.75657517,-2.985919748,-0.031292615,-0.20608723,8.915716739
122,16,21.99265524,-2.052919873,-0.031292615,-0.137363328,4.214480005
122,17,20.64065159,-1.259269217,-0.031292615,-0.595467223,1.585758961
122,18,21.5788704,-0.272141792,-0.031292615,-1.057367952,0.074061155
123,12,16.49700066,-5.613826413,0.299603464,-0.442403735,31.515047
123,13,13.69707605,-4.885316086,0.299603464,-0.482176687,23.86631326
123,14,17.88455288,-3.903545877,0.299603464,-0.639316642,15.23767041
123,15,17.50093077,-2.882507846,0.299603464,-0.19372314,8.308851484
123,16,20.92552806,-2.451710619,0.299603464,-0.07036494,6.01088496
123,17,21.887835,-0.879710465,0.299603464,-0.292871543,0.773890502
123,18,20.27176892,-0.06806165,0.299603464,-0.427791031,0.004632388
124,12,12.30895101,-5.952844628,-0.424974864,0.2522718,35.43635916
124,13,18.39289609,-5.188428533,-0.424974864,0.272377359,26.91979064
124,14,14.60112779,-3.970403776,-0.424974864,-0.198825939,15.76410615
124,15,21.28526172,-2.810095971,-0.424974864,-0.044101739,7.896639367
124,16,18.71939831,-1.899972085,-0.424974864,-0.331901377,3.609893925
124,17,21.1608834,-0.809677833,-0.424974864,0.179665791,0.655578193
124,18,27.68520146,0.042691402,-0.424974864,0.038581106,0.001822556
125,12,10,-6.05729895,0.612472472,0.781227937,36.69087057
125,13,10,-5.074297191,0.612472472,0.989979236,25.74849199
125,14,10.9009273,-3.771803263,0.612472472,0.654194298,14.22649985
125,15,13.38660388,-2.860986399,0.612472472,0.425798609,8.185243173
125,16,10,-2.200572043,0.612472472,0.892381083,4.842517316
125,17,10.58427377,-1.143553476,0.612472472,0.271283953,1.307714552
125,18,10.20357487,0.23183741,0.612472472,-0.098016941,0.053748585
126,12,22.44607689,-5.70804582,0.115927527,0.013725922,32.58178708
126,13,21.03003504,-4.938736261,0.115927527,-0.110647199,24.39111586
126,14,20.25516568,-4.220512788,0.115927527,-0.36982672,17.8127282
126,15,22.10665606,-3.294817825,0.115927527,0.088394041,10.8558245
126,16,24.70405438,-2.215060888,0.115927527,-0.49004212,4.906494738
126,17,22.77064358,-1.097545397,0.115927527,-0.423219445,1.204605899
126,18,26.5277651,0.02841735,0.115927527,-0.134366088,0.000807546
127,12,14.66160657,-5.865074854,0.362430197,0.547727373,34.39910304
127,13,15.15948124,-5.121593762,0.362430197,0.099151563,26.23072267
127,14,15.90836942,-3.729664969,0.362430197,0.2489023,13.91040078
127,15,14.86278154,-2.881565147,0.362430197,0.522168028,8.303417697
127,16,10.63454767,-2.294328831,0.362430197,-0.245660169,5.263944783
127,17,12.85921997,-0.823002304,0.362430197,-0.526922669,0.677332792
127,18,19.16525155,0.267710328,0.362430197,0.641560389,0.07166882
128,12,10,-6.191307739,0.245002838,0.689158946,38.33229152
128,13,10,-5.086615016,0.245002838,0.257053704,25.87365232
128,14,10,-3.870736312,0.245002838,0.299053589,14.98259959
128,15,13.53823529,-2.966981983,0.245002838,-0.056752734,8.80298209
128,16,12.81299451,-1.944014058,0.245002838,-0.0134715,3.779190657
128,17,11.78964775,-1.349437075,0.245002838,0.463771509,1.82098042
128,18,14.41342597,-0.123836051,0.245002838,0.199158505,0.015335367
129,12,21.87272839,-5.884598934,-0.301788315,0.227279543,34.62850461
129,13,14.67437806,-4.965841395,-0.301788315,0.085898058,24.65958076
129,14,19.22954397,-4.34051096,-0.301788315,-0.01155112,18.8400354
129,15,20.06049217,-3.031320841,-0.301788315,-0.377585133,9.188906038
129,16,20.1808499,-2.446265327,-0.301788315,-0.386305345,5.984214049
129,17,22.38712373,-1.317396206,-0.301788315,-0.560930284,1.735532764
129,18,23.91874108,-0.064055891,-0.301788315,-0.384388913,0.004103157
130,12,17.93874143,-6.077368565,-0.100493573,0.733402253,36.93440868
130,13,20.95429122,-4.923319512,-0.100493573,0.944541804,24.23907502
130,14,19.80684766,-3.840119798,-0.100493573,0.472779547,14.74652006
130,15,23.92266105,-3.109550215,-0.100493573,1.355105007,9.669302537
130,16,20.49256676,-2.186063207,-0.100493573,0.808004601,4.778872345
130,17,22.47823649,-1.081493295,-0.100493573,0.193776508,1.169627748
130,18,20.17966208,0.046728564,-0.100493573,-0.358087637,0.002183559
131,12,16.45114065,-5.929590055,1,0.187154634,35.16003822
131,13,15.60984923,-4.799474917,1,0.146174771,23.03495948
131,14,12.0961076,-3.823671469,1,-0.033144651,14.62046351
131,15,19.92434759,-3.136173832,1,-0.201741277,9.835586302
131,16,16.44763354,-1.899856037,1,-0.184526347,3.609452962
131,17,19.47687275,-1.069161318,1,-0.457841283,1.143105925
131,18,24.7302905,0.016892024,1,0.022262287,0.000285341
132,12,23.45267695,-5.842848843,-0.072804849,-0.745348215,34.13888261
132,13,24.15215849,-4.937640203,-0.072804849,-0.115753884,24.38029077
132,14,22.29391918,-3.838087976,-0.072804849,-1.133044521,14.73091931
132,15,23.47433671,-2.958471763,-0.072804849,-0.909709628,8.752555171
132,16,20.75058908,-1.820600858,-0.072804849,-0.868973259,3.314587484
132,17,27.63264037,-0.864099094,-0.072804849,-1.140112096,0.746667244
132,18,28.13469376,0.037705078,-0.072804849,-1.064169693,0.001421673
133,12,16.47858822,-6.342573744,0.443267742,1.437954082,40.22824169
133,13,17.11667522,-4.929929737,0.443267742,1.093213386,24.30420721
133,14,22.30495461,-4.230549256,0.443267742,1.140913464,17.897547
133,15,23.16136284,-3.127692209,0.443267742,1.357481182,9.782458557
133,16,21.34751282,-2.144916336,0.443267742,0.875477731,4.600666089
133,17,25.1301478,-0.669092917,0.443267742,0.847209561,0.447685332
133,18,24.40399577,0.125860966,0.443267742,0.354101875,0.015840983
134,12,15.54946299,-6.031541221,0.064470046,0.514808841,36.3794895
134,13,10.76110997,-5.067074523,0.064470046,0.654475439,25.67524422
134,14,11.30799821,-4.081229526,0.064470046,0.830814438,16.65643444
134,15,12.51709846,-2.831262659,0.064470046,0.239676768,8.016048243
134,16,12.94036273,-1.861198731,0.064470046,0.465709769,3.464060715
134,17,14.733178,-0.591538076,0.064470046,0.153533968,0.349917296
134,18,18.91954949,0.103658705,0.064470046,0.695135193,0.010745127
135,12,12.58178444,-6.182309904,-1.28180126,0.328264752,38.22095575
135,13,14.2383051,-5.116822198,-1.28180126,0.127022887,26.18186941
135,14,23.9739335,-3.902518455,-1.28180126,-0.40343005,15.2296503
135,15,22.03575816,-2.741707935,-1.28180126,-0.681577684,7.516962401
135,16,25.45431453,-2.163002252,-1.28180126,-0.062843263,4.678578743
135,17,31.51815244,-1.172145795,-1.28180126,-0.293754648,1.373925764
135,18,32.71990008,-0.198342858,-1.28180126,-0.64235981,0.03933989
136,12,12.05974121,-5.893887145,-0.843531592,0.411130479,34.73790568
136,13,11.30543309,-4.889703397,-0.843531592,0.187066071,23.90919931
136,14,19.87597198,-4.278491098,-0.843531592,-0.492985946,18.30548608
136,15,18.70556043,-3.221421593,-0.843531592,0.079659992,10.37755708
136,16,21.54749446,-2.076468583,-0.843531592,0.296710111,4.311721776
136,17,21.21973067,-0.924907794,-0.843531592,-0.167170848,0.855454428
136,18,24.60193399,-0.432366475,-0.843531592,0.201611268,0.186940769
137,12,19.54578623,-5.962814721,-1.363729208,0.589189315,35.5551594
137,13,18.34696678,-4.793064028,-1.363729208,0.322492392,22.97346278
137,14,21.11012785,-3.763110295,-1.363729208,0.108862392,14.16099909
137,15,22.32056449,-2.869664787,-1.363729208,0.305254554,8.23497599
137,16,20.61686259,-2.001752131,-1.363729208,0.111439005,4.007011596
137,17,28.84136902,-0.955942065,-1.363729208,-0.066386618,0.913825232
137,18,27.3370913,0.137914403,-1.363729208,-0.280186864,0.019020383
138,12,14.94906606,-6.024269409,-0.282221399,0.675396314,36.29182192
138,13,12.42049962,-4.828707813,-0.282221399,0.784166101,23.31641914
138,14,14.5139477,-3.962486957,-0.282221399,0.63692295,15.70130289
138,15,18.05665978,-2.964435906,-0.282221399,0.032281405,8.787880244
138,16,21.88268671,-2.119512626,-0.282221399,0.115248979,4.492333774
138,17,26.08160786,-0.872353789,-0.282221399,-0.415038089,0.761001134
138,18,21.13137438,-0.058113423,-0.282221399,-0.712588032,0.00337717
139,12,20.79477586,-6.002227444,-0.570128092,0.698384085,36.02673429
139,13,18.22141471,-4.899025934,-0.570128092,0.247073487,24.0004551
139,14,24.9478816,-3.966927815,-0.570128092,0.690034485,15.73651629
139,15,19.01057541,-3.235539236,-0.570128092,0.538676864,10.46871415
139,16,23.35331721,-2.090740744,-0.570128092,0.626324579,4.371196859
139,17,20.97739358,-1.176573119,-0.570128092,0.230752023,1.384324305
139,18,17.71764092,-0.030034864,-0.570128092,0.224127976,0.000902093
140,12,19.94163146,-5.89831445,-0.384297536,1.193010104,34.79011335
140,13,19.601948,-4.951108221,-0.384297536,1.395071242,24.51347261
140,14,14.18993347,-3.75797017,-0.384297536,0.234701103,14.1223398
140,15,12.34698438,-2.632208626,-0.384297536,0.312204891,6.92852225
140,16,12.4611095,-2.081640346,-0.384297536,0.077310585,4.333226532
140,17,23.22354303,-0.881246481,-0.384297536,0.45299098,0.776595361
140,18,20.17784427,-0.203980063,-0.384297536,0.358887029,0.041607866
141,12,11.46369294,-5.990748645,0.189236427,0.39119883,35.88906932
141,13,12.36606385,-4.917667283,0.189236427,0.457989153,24.1834515
141,14,11.16586613,-4.073691372,0.189236427,0.592719121,16.5949614
141,15,18.31851153,-2.749287286,0.189236427,0.17816689,7.558580578
141,16,14.00677697,-1.848138425,0.189236427,1.156635111,3.415615639
141,17,19.4963758,-1.032626836,0.189236427,0.649015788,1.066318183
141,18,13.37118374,0.056455965,0.189236427,1.027802289,0.003187276
142,12,17.30414586,-6.016576833,0.322747628,0.257513065,36.19919679
142,13,14.0391807,-4.878319954,0.322747628,-0.693087131,23.79800557
142,14,14.67919265,-4.219041792,0.322747628,0.046091647,17.80031365
142,15,14.15073992,-3.015074429,0.322747628,0.036254905,9.090673811
142,16,15.68002273,-1.77628262,0.322747628,0.222947685,3.155179947
142,17,21.21864974,-1.084677207,0.322747628,0.264302008,1.176524643
142,18,15.4359306,0.114204613,0.322747628,0.312516897,0.013042694
143,12,10.06378342,-5.846957737,-1.139250678,-0.193699277,34.18691478
143,13,16.1033413,-5.041935765,-1.139250678,0.673323202,25.42111626
143,14,17.43976633,-3.916025292,-1.139250678,0.301164573,15.33525409
143,15,20.57979509,-3.16247206,-1.139250678,0.293975041,10.00122953
143,16,20.03513302,-2.271589555,-1.139250678,-0.213324491,5.160119108
143,17,27.23171935,-0.922270487,-1.139250678,0.024140553,0.850582851
143,18,27.23771879,-0.037980792,-1.139250678,-0.319001623,0.001442541
144,12,18.7450979,-6.14602405,0.624753438,-1.492967877,37.77361162
144,13,14.4636122,-5.053624565,0.624753438,-0.652056126,25.53912125
144,14,17.00769564,-4.049038461,0.624753438,-0.560889825,16.39471246
144,15,17.71027692,-3.055736514,0.624753438,-0.474324645,9.33752564
144,16,21.21690395,-1.744607735,0.624753438,-0.470317124,3.043656147
144,17,26.46361333,-1.028997603,0.624753438,-0.310168978,1.058836067
144,18,17.80588367,-0.006086698,0.624753438,-0.797001067,3.70E-05
145,12,24.91389897,-5.999457258,-0.463294656,0.074447164,35.99348739
145,13,28.37994116,-5.201335811,-0.463294656,0.169756231,27.05389422
145,14,26.98607064,-3.855039235,-0.463294656,-0.25962713,14.86132751
145,15,29.10489947,-3.245821102,-0.463294656,-0.076828205,10.53535463
145,16,24.27984518,-2.143766036,-0.463294656,0.14617104,4.595732816
145,17,28.21224496,-1.13862959,-0.463294656,-0.273586706,1.296477344
145,18,29.78507181,0.177306825,-0.463294656,-0.402232048,0.03143771
146,12,19.7500712,-6.308430313,0.878260352,1.213581966,39.79629302
146,13,19.71716323,-4.992412294,0.878260352,1.036469632,24.92418051
146,14,12.408961,-3.8324018,0.878260352,1.015811352,14.68730356
146,15,19.74720288,-3.256264763,0.878260352,0.742138215,10.6032602
146,16,18.58376103,-2.215605901,0.878260352,-0.119109523,4.908909507
146,17,19.62927311,-0.759345812,0.878260352,0.025770446,0.576606063
146,18,11.86910101,-0.203577691,0.878260352,-0.291837166,0.041443876
147,12,22.79997885,-5.693554952,0.18100761,-1.301623381,32.416568
147,13,20.32120413,-4.92662399,0.18100761,-1.3263877,24.27162393
147,14,30.48873482,-4.018197148,0.18100761,-0.31483842,16.14590832
147,15,25.11921844,-3.017166758,0.18100761,-1.459680939,9.103295247
147,16,24.76777794,-1.952230819,0.18100761,-0.760156689,3.81120517
147,17,25.9190514,-0.911924358,0.18100761,-0.740045325,0.831606034
147,18,26.89199213,-0.04505455,0.18100761,-1.3293867,0.002029912
148,12,11.8435043,-6.095811441,-0.515622479,-1.114036856,37.15891713
148,13,15.13307433,-4.793141517,-0.515622479,-1.338458985,22.9742056
148,14,11.59083313,-3.944784629,-0.515622479,-0.544147531,15.56132577
148,15,16.01244313,-3.194400229,-0.515622479,-0.585136606,10.20419282
148,16,18.98884202,-1.604713002,-0.515622479,-0.663638476,2.575103819
148,17,22.31671363,-0.875487701,-0.515622479,-0.514288596,0.766478715
148,18,14.36570273,0.010718707,-0.515622479,-1.040898969,0.000114891
149,12,17.03163309,-5.746054863,-1.217046206,0.923779116,33.01714648
149,13,14.39871878,-5.073455012,-1.217046206,1.145660103,25.73994576
149,14,15.94684663,-4.093884396,-1.217046206,1.109337937,16.75988945
149,15,14.17304136,-3.150706378,-1.217046206,0.958672836,9.926950681
149,16,16.07183807,-2.183782396,-1.217046206,-0.33232935,4.768905551
149,17,19.38644449,-0.95374961,-1.217046206,0.33818386,0.909638318
149,18,19.96808415,-0.296620581,-1.217046206,-0.196940693,0.087983769
150,12,10,-6.354136174,1,0.147113491,40.37504652
150,13,18.67562956,-4.848158095,1,0.87520169,23.50463691
150,14,18.12324306,-4.006552665,1,0.384978523,16.05246426
150,15,12.87254337,-2.935679472,1,0.761071236,8.61821396
150,16,15.92833468,-2.05843798,1,-0.093398016,4.237166919
150,17,12.95818264,-0.906838921,1,0.819614262,0.82235683
150,18,18.01989544,0.075404773,1,0.37612714,0.00568588
151,12,10.48734296,-5.965580993,-0.210997552,-0.120608466,35.58815659
151,13,13.47294957,-4.980255001,-0.210997552,-0.201062382,24.80293987
151,14,14.86512682,-3.981194661,-0.210997552,-0.020277995,15.84991093
151,15,18.4432214,-3.521261965,-0.210997552,0.346862336,12.39928583
151,16,24.5709114,-1.967531566,-0.210997552,0.160968185,3.871180462
151,17,26.17990197,-0.680611154,-0.210997552,0.385971588,0.463231543
151,18,29.71686283,-0.11963849,-0.210997552,0.153567946,0.014313368
152,12,18.4956521,-6.052338954,-1.132072188,0.003886164,36.63080682
152,13,13.43280493,-4.975529249,-1.132072188,0.718639785,24.75589131
152,14,14.17586413,-3.830666722,-1.132072188,0.062945343,14.67400754
152,15,16.72063348,-3.004911622,-1.132072188,0.158114328,9.029493858
152,16,14.14521057,-2.012739779,-1.132072188,0.838679097,4.051121416
152,17,26.79405922,-0.752091552,-1.132072188,0.827630549,0.565641702
152,18,24.80418306,-0.040473272,-1.132072188,0.569838043,0.001638086
153,12,12.01000663,-6.190273894,-0.214133912,-1.398818281,38.31949088
153,13,17.81312754,-4.808165585,-0.214133912,-0.951375013,23.1184563
153,14,21.27141621,-3.995730095,-0.214133912,-0.50068257,15.96585899
153,15,22.90126551,-3.103783894,-0.214133912,-1.433613649,9.633474463
153,16,33.04992978,-1.926566906,-0.214133912,-0.97845998,3.711660045
153,17,28.32945308,-0.997567247,-0.214133912,-0.835610014,0.995140413
153,18,32.35652343,0.126726932,-0.214133912,-0.903690998,0.016059715
154,12,11.94494551,-6.002560852,-0.743396589,0.719637008,36.03073678
154,13,14.87901426,-4.939180801,-0.743396589,0.437490999,24.39550698
154,14,18.97331452,-3.821708379,-0.743396589,1.234037718,14.60545494
154,15,22.04161749,-3.003140183,-0.743396589,1.276091891,9.018850961
154,16,20.29961339,-2.052794241,-0.743396589,0.608692526,4.213964198
154,17,22.25416409,-0.973596182,-0.743396589,0.175284993,0.947889526
154,18,24.26871649,0.276245568,-0.743396589,0.597325031,0.076311614
155,12,13.50324824,-5.998634496,-0.372788612,-0.068464725,35.98361582
155,13,19.4483958,-4.763825921,-0.372788612,0.496186372,22.6940374
155,14,11.66545021,-3.668683191,-0.372788612,0.681516131,13.45923636
155,15,10.74238833,-3.101032831,-0.372788612,0.140988175,9.616404616
155,16,14.64063679,-1.761440641,-0.372788612,0.018456592,3.102673133
155,17,20.49401491,-0.918338959,-0.372788612,0.382779768,0.843346443
155,18,26.86119345,-0.044836432,-0.372788612,0.391392667,0.002010306
156,12,21.58191677,-6.026066225,-0.753488368,-0.281749295,36.31347415
156,13,28.96484217,-5.301673734,-0.753488368,0.236639001,28.10774438
156,14,24.65400911,-4.002287907,-0.753488368,0.078421736,16.01830849
156,15,21.06124091,-2.928157177,-0.753488368,-0.493363761,8.574104453
156,16,29.31178001,-2.32497474,-0.753488368,0.393633551,5.405507543
156,17,30.62277395,-1.147226003,-0.753488368,0.49839359,1.316127503
156,18,32.88448541,-0.417120644,-0.753488368,0.792808698,0.173989632
157,12,22.82357226,-5.960358341,0.009945795,-0.46724255,35.52587156
157,13,19.87693387,-4.678188791,0.009945795,-1.213031114,21.88545037
157,14,21.95236425,-3.698983401,0.009945795,-0.443180774,13.6824782
157,15,19.31477971,-2.756663136,0.009945795,-0.021391871,7.599191646
157,16,19.77998368,-2.004690902,0.009945795,-0.841743054,4.018785614
157,17,18.1307105,-0.901310811,0.009945795,-0.076913224,0.812361178
157,18,16.55942612,0.252700264,0.009945795,0.112031034,0.063857424
158,12,15.87146124,-5.982809606,0.22195614,-0.332553406,35.79401078
158,13,23.20706912,-4.964053277,0.22195614,-0.013811743,24.64182494
158,14,23.15765179,-3.943965301,0.22195614,-0.155714865,15.55486229
158,15,22.72063142,-2.935557451,0.22195614,0.119863828,8.61749755
158,16,18.77636507,-1.880148694,0.22195614,-0.306007434,3.534959112
158,17,23.44282239,-1.062641845,0.22195614,-0.31005533,1.129207691
158,18,28.47526713,-0.036021373,0.22195614,-0.091955863,0.001297539
159,12,10.29845788,-6.206237929,-0.873464275,0.902011849,38.51738923
159,13,17.23181265,-4.874439933,-0.873464275,0.285639809,23.76016466
159,14,18.68698749,-4.075375956,-0.873464275,0.502589011,16.60868919
159,15,11.49205339,-2.935258072,-0.873464275,0.415348074,8.61573995
159,16,15.22126758,-1.74457938,-0.873464275,0.077106618,3.043557215
159,17,23.17046557,-0.751944095,-0.873464275,0.244704748,0.565419922
159,18,32.19816913,0.062943266,-0.873464275,0.268990328,0.003961855
160,12,10.17407991,-5.564890886,-0.935908431,-0.142006661,30.96801057
160,13,17.92618572,-5.225785892,-0.935908431,-0.346125899,27.30883818
160,14,14.82678737,-3.90457698,-0.935908431,-0.215880824,15.24572139
160,15,20.06296921,-2.88348156,-0.935908431,-0.259661381,8.314465908
160,16,18.63829818,-2.03301572,-0.935908431,-0.208490072,4.133152919
160,17,24.78579718,-0.917094711,-0.935908431,-0.327017398,0.841062709
160,18,27.72276469,0.245892274,-0.935908431,-0.195795489,0.06046301
161,12,18.55873325,-5.848633439,0.657139135,-0.36641829,34.2065131
161,13,16.89822699,-5.227635907,0.657139135,0.023351489,27.32817718
161,14,21.54293704,-4.023607672,0.657139135,0.282213979,16.1894187
161,15,22.75211179,-3.01874912,0.657139135,-0.132871232,9.112846251
161,16,23.44644494,-2.239109631,0.657139135,0.419392846,5.013611938
161,17,22.24754997,-0.889623065,0.657139135,-0.552312984,0.791429198
161,18,24.51966303,0.207660488,0.657139135,-0.023263632,0.043122878
162,12,17.04294564,-6.005263367,0.540212856,-0.505026118,36.0631881
162,13,18.70530216,-5.044427556,0.540212856,-0.452102847,25.44624936
162,14,24.12490017,-4.238523314,0.540212856,-0.236721081,17.96507989
162,15,24.07511036,-3.429991054,0.540212856,-0.424051528,11.76483863
162,16,23.66119007,-2.395113009,0.540212856,-0.962431144,5.736566327
162,17,30.03875278,-1.002114652,0.540212856,-0.09223669,1.004233777
162,18,26.58998776,0.037434985,0.540212856,-0.1205373,0.001401378
163,12,12.78342107,-6.031879104,0.671361392,-0.924653868,36.38356553
163,13,17.01785007,-4.836745843,0.671361392,-1.323900429,23.39411036
163,14,22.58358514,-3.223526626,0.671361392,-0.506438451,10.39112391
163,15,22.09100295,-3.114674473,0.671361392,-0.122093313,9.701197075
163,16,16.11415156,-2.134598297,0.671361392,-0.538261617,4.556509889
163,17,21.88008372,-0.853641622,0.671361392,-0.395721365,0.72870402
163,18,22.04538475,0.336879569,0.671361392,-0.211077204,0.113487844
164,12,16.47172445,-5.873797727,0.41716551,0.287503408,34.50149973
164,13,16.82498371,-5.159876855,0.41716551,0.27633273,26.62432916
164,14,15.87604657,-3.937482624,0.41716551,0.776103245,15.50376941
164,15,16.27549416,-2.894587642,0.41716551,-0.160277611,8.378637615
164,16,20.46805615,-1.985039231,0.41716551,0.424022819,3.94038075
164,17,13.86360751,-1.11738537,0.41716551,-0.233410012,1.248550065
164,18,23.96539465,-0.046351066,0.41716551,-0.182259624,0.002148421
165,12,26.0494535,-5.817239443,1,-1.709065696,33.84027474
165,13,29.16619317,-5.167082522,1,-1.577454462,26.69874179
165,14,31.33249686,-4.052657789,1,-0.786014826,16.42403515
165,15,26.40599355,-2.906204672,1,-1.182380744,8.446025594
165,16,27.04234221,-2.160653826,1,-1.286219537,4.668424954
165,17,26.12299331,-0.951732814,1,-1.180449192,0.90579535
165,18,25.87257283,-0.099980969,1,-0.745728731,0.009996194
166,12,17.14113867,-6.098892744,-0.599784824,1.059553867,37.1964927
166,13,17.02900524,-4.932800983,-0.599784824,0.234189237,24.33252554
166,14,23.64926049,-3.649774514,-0.599784824,0.766048407,13.320854
166,15,20.12144172,-2.848250845,-0.599784824,0.784866209,8.112532877
166,16,20.65132592,-1.960738114,-0.599784824,0.346359478,3.844493954
166,17,23.30543766,-1.2723754,-0.599784824,1.088532679,1.618939158
166,18,22.42035234,0.299462388,-0.599784824,0.569173322,0.089677722
167,12,10.35466915,-6.02837847,0.177178316,0.679359012,36.34134698
167,13,18.1573127,-4.807766848,0.177178316,0.87368183,23.11462206
167,14,18.31131226,-3.956398601,0.177178316,-0.061137345,15.65308989
167,15,10.89655317,-3.038467622,0.177178316,0.120011492,9.232285491
167,16,20.97900287,-2.027618068,0.177178316,0.189623477,4.111235029
167,17,30.83780465,-0.744514521,0.177178316,0.555378556,0.554301873
167,18,19.78473695,0.042261123,0.177178316,0.089718581,0.001786003
168,12,13.3111424,-5.866256536,0.624757738,-0.644248641,34.41296575
168,13,21.04906004,-4.82785034,0.624757738,-0.396297607,23.30813891
168,14,11.47671696,-3.868618111,0.624757738,-0.482007708,14.96620609
168,15,10.53908315,-3.050204309,0.624757738,-0.319100543,9.303746325
168,16,14.89768105,-2.279470294,0.624757738,-0.449686241,5.195984819
168,17,16.97708033,-0.960741882,0.624757738,-0.11709463,0.923024964
168,18,23.68769804,0.051903198,0.624757738,-0.189563513,0.002693942
169,12,10.76396248,-6.072745052,0.986671864,0.202559712,36.87823247
169,13,15.5646558,-4.752053223,0.986671864,0.513533803,22.58200984
169,14,10.7317836,-4.108136694,0.986671864,0.272383022,16.8767871
169,15,10.18982619,-3.142512336,0.986671864,-0.416961669,9.875383782
169,16,16.14366678,-2.17247622,0.986671864,0.013714795,4.719652927
169,17,16.39144419,-1.24517447,0.986671864,-0.661992695,1.55045946
169,18,12.62107278,-0.00896696,0.986671864,-0.874066557,8.04E-05
170,12,23.22034785,-5.798869401,0.235102148,0.475261309,33.62688633
170,13,19.48580934,-4.905387425,0.235102148,0.909121251,24.06282579
170,14,12.49590843,-4.016865887,0.235102148,-0.470062124,16.13521155
170,15,20.62844508,-2.818400778,0.235102148,0.327114961,7.943382947
170,16,16.61574403,-2.13361267,0.235102148,-0.316587496,4.552303025
170,17,26.54501585,-1.11292456,0.235102148,0.311648951,1.238601077
170,18,23.15056145,-0.14740715,0.235102148,-0.108669943,0.021728868
171,12,13.57435712,-5.77285792,-0.09620862,-0.716050405,33.32588857
171,13,17.00855937,-4.985982442,-0.09620862,-0.054857285,24.86002091
171,14,17.90418576,-4.335416451,-0.09620862,-0.068037078,18.7958358
171,15,20.65934404,-3.125941699,-0.09620862,-0.008010817,9.771511505
171,16,22.38440905,-1.893785729,-0.09620862,0.226844973,3.586424388
171,17,21.34749672,-0.745706495,-0.09620862,-0.105233967,0.556078177
171,18,25.17945532,0.065795431,-0.09620862,0.388999777,0.004329039
172,12,16.05577938,-5.917861826,0.214214077,1.599313853,35.02108859
172,13,10.05835276,-4.987626343,0.214214077,1.902736273,24.87641654
172,14,18.34852603,-3.861275716,0.214214077,1.521820357,14.90945015
172,15,19.05325093,-3.180991959,0.214214077,1.629632608,10.11870984
172,16,14.39764099,-2.573234679,0.214214077,0.970433639,6.621536715
172,17,19.65982868,-1.047514133,0.214214077,1.26587027,1.097285859
172,18,23.04549815,0.164095519,0.214214077,1.4207726,0.026927339
173,12,13.51207546,-5.99100376,-0.213213083,-0.328260651,35.89212605
173,13,13.823672,-4.96118222,-0.213213083,0.150069759,24.61332902
173,14,11.45973583,-4.355855937,-0.213213083,0.018586189,18.97348095
173,15,11.00921983,-3.149594961,-0.213213083,-0.238444684,9.919948416
173,16,17.02787387,-1.666772484,-0.213213083,-0.427319391,2.778130515
173,17,15.29308614,-0.676828494,-0.213213083,-0.310492297,0.458096811
173,18,20.25574739,0.022796427,-0.213213083,0.270438112,0.000519677
174,12,12.94794019,-6.223827601,-1.462798164,0.229171921,38.73603
174,13,17.49788737,-4.994397966,-1.462798164,-0.166495823,24.94401104
174,14,19.39980984,-3.791046037,-1.462798164,-0.055451423,14.37203006
174,15,16.61695321,-3.300527151,-1.462798164,-0.000568243,10.89347948
174,16,24.02796203,-1.654410835,-1.462798164,0.057348086,2.737075212
174,17,22.51113691,-0.905120079,-1.462798164,0.393843916,0.819242357
174,18,22.64294493,-0.038527351,-1.462798164,0.329041255,0.001484357
175,12,11.03982852,-6.175034745,-0.481059634,-0.98659352,38.13105411
175,13,14.7077282,-4.889374388,-0.481059634,-1.547204769,23.90598191
175,14,18.46320729,-3.954082515,-0.481059634,-0.755103119,15.63476853
175,15,22.21699901,-2.929523473,-0.481059634,-0.345062559,8.582107778
175,16,17.98807306,-1.955319551,-0.481059634,-0.966179338,3.823274547
175,17,25.25089502,-0.934926773,-0.481059634,-0.479487836,0.874088072
175,18,23.86773826,0.162839362,-0.481059634,-0.480236552,0.026516658
176,12,11.95697604,-5.998203759,-0.242041631,0.223622859,35.97844834
176,13,17.28103961,-4.642312217,-0.242041631,-0.099149499,21.55106272
176,14,20.80761152,-4.347174412,-0.242041631,-0.481382373,18.89792537
176,15,20.07380259,-3.238234694,-0.242041631,-0.440371154,10.48616393
176,16,26.18714522,-2.263710958,-0.242041631,-0.091439428,5.124387299
176,17,29.9226217,-0.927814564,-0.242041631,-0.093090142,0.860839865
176,18,22.84194633,-0.143197078,-0.242041631,-0.885283225,0.020505403
177,12,27.65952136,-6.054381206,-0.174275798,0.562800129,36.65553179
177,13,26.09145328,-4.990190091,-0.174275798,0.261147929,24.90199714
177,14,26.78970819,-3.782886605,-0.174275798,0.592283451,14.31023106
177,15,25.7814882,-3.003113333,-0.174275798,0.292495645,9.018689689
177,16,26.26318753,-2.217462449,-0.174275798,0.528906663,4.917139713
177,17,30.6166994,-0.95431591,-0.174275798,0.445053191,0.910718856
177,18,24.6195206,0.207796404,-0.174275798,0.33271912,0.043179346
178,12,10.44850923,-5.989845784,1,0.308588474,35.87825252
178,13,18.68460591,-5.134378541,1,-0.02983009,26.36184301
178,14,12.65344491,-4.102556574,1,0.646622919,16.83097044
178,15,18.57989779,-3.275837726,1,0.426012927,10.73111281
178,16,16.65932264,-1.854023404,1,0.240360502,3.437402781
178,17,11.38038342,-0.819101315,1,0.41711445,0.670926965
178,18,16.43383924,0.153008702,1,-0.045812684,0.023411663
179,12,10.11622771,-5.903296692,-0.329172896,0.112285897,34.84891183
179,13,15.37943282,-4.973189779,-0.329172896,0.088626391,24.73261658
179,14,16.30177828,-3.82126125,-0.329172896,0.143905607,14.60203754
179,15,13.23138311,-3.245917518,-0.329172896,-0.304507103,10.53598054
179,16,14.26329073,-1.764093622,-0.329172896,0.240215486,3.112026307
179,17,19.85233312,-1.050223981,-0.329172896,0.643944097,1.10297041
179,18,21.81891112,0.225828388,-0.329172896,0.282012251,0.050998461
180,12,14.49186667,-5.702539297,0.414452445,0.495687213,32.51895444
180,13,15.10076104,-5.185055661,0.414452445,0.333585786,26.88480221
180,14,16.94590236,-3.865313856,0.414452445,0.507512585,14.94065121
180,15,21.21557026,-3.088963718,0.414452445,0.420147831,9.541696849
180,16,19.54176583,-2.118733242,0.414452445,-0.093049941,4.489030552
180,17,25.42740351,-1.003709891,0.414452445,0.66297386,1.007433546
180,18,28.82371526,-0.048187571,0.414452445,0.519586183,0.002322042
181,12,15.99986944,-5.877620307,-0.131839119,-1.697165389,34.54642047
181,13,15.32664496,-4.923926265,-0.131839119,-1.180661838,24.24504987
181,14,20.84737222,-4.033399722,-0.131839119,-0.883272344,16.26831332
181,15,20.45062001,-3.038256815,-0.131839119,-0.579714365,9.231004476
181,16,26.56879471,-2.127048969,-0.131839119,0.098813373,4.524337317
181,17,18.49123027,-0.858962563,-0.131839119,-0.160790149,0.737816685
181,18,21.44823247,-0.043296224,-0.131839119,-0.247185722,0.001874563
182,12,17.79440248,-5.99164295,0.242302633,-0.423949656,35.89978525
182,13,20.1961713,-5.051288136,0.242302633,-0.476651481,25.51551183
182,14,18.24503102,-3.989457458,0.242302633,-0.913893289,15.91577081
182,15,13.41168729,-2.968671136,0.242302633,-1.218186558,8.813008313
182,16,25.62244854,-1.826297562,0.242302633,-0.186377064,3.335362786
182,17,26.04011819,-0.942357444,0.242302633,-0.456462703,0.888037552
182,18,30.13165096,-0.05384318,0.242302633,-0.31972382,0.002899088
183,12,22.61082845,-6.165881616,0.037427843,0.087151852,38.0180961
183,13,20.16719222,-4.894288099,0.037427843,0.308638933,23.954056
183,14,19.0833846,-4.160051531,0.037427843,-0.095541773,17.30602874
183,15,20.4390259,-2.93025102,0.037427843,0.390209273,8.586371037
183,16,19.53158382,-1.927571368,0.037427843,-0.618538129,3.715531377
183,17,24.97901981,-0.948216627,0.037427843,0.073542227,0.899114771
183,18,24.44683674,0.144809272,0.037427843,-0.293954227,0.020969725
184,12,16.95815547,-6.074554735,-0.631366003,-0.382781334,36.90021523
184,13,12.21742494,-4.845017605,-0.631366003,-0.644674569,23.47419559
184,14,16.98106922,-4.02395571,-0.631366003,-0.696800822,16.19221955
184,15,19.8100275,-3.029881827,-0.631366003,-0.106807621,9.180183885
184,16,18.12339157,-2.140821318,-0.631366003,0.056218316,4.583115914
184,17,23.73418734,-1.087398899,-0.631366003,-0.08414482,1.182436366
184,18,18.62035689,-0.279251373,-0.631366003,-0.540131045,0.077981329
185,12,18.91869384,-5.892313362,-0.929444569,0.283194257,34.71935676
185,13,11.05127509,-5.042104409,-0.929444569,0.24564021,25.42281687
185,14,11.09846499,-3.891887539,-0.929444569,-0.283490429,15.14678862
185,15,18.6513724,-2.945333916,-0.929444569,-0.339457903,8.674991878
185,16,19.38087711,-2.045912883,-0.929444569,0.008755656,4.185759525
185,17,25.14715257,-0.831947545,-0.929444569,-0.187611319,0.692136717
185,18,28.4197554,-0.055572723,-0.929444569,-0.009598535,0.003088328
186,12,18.90080106,-6.030032715,-0.625470636,-0.60924722,36.36129455
186,13,17.33136503,-4.91037585,-0.625470636,-1.436471516,24.11179099
186,14,23.69661803,-4.027710831,-0.625470636,-0.547509534,16.22245454
186,15,24.55576958,-2.889765726,-0.625470636,-0.739703224,8.350745949
186,16,25.8138815,-1.770922524,-0.625470636,-0.241557422,3.136166587
186,17,21.16722498,-1.300457872,-0.625470636,-0.844730579,1.691190677
186,18,24.14776483,-0.032098642,-0.625470636,-0.078976367,0.001030323
187,12,20.63404811,-5.895432193,-1.062783879,-0.572974874,34.75612074
187,13,20.60009115,-4.834899697,-1.062783879,-0.024228368,23.37625508
187,14,14.2913233,-3.826432072,-1.062783879,-0.410890775,14.6415824
187,15,17.04539577,-2.946725093,-1.062783879,-0.49196929,8.683188774
187,16,19.49761719,-1.724094767,-1.062783879,-0.449352498,2.972502766
187,17,23.54591046,-1.019999909,-1.062783879,-0.013650724,1.040399815
187,18,28.88912912,-0.352513324,-1.062783879,-0.394931067,0.124265643
188,12,13.68762691,-6.305512195,-1.010631356,-0.492044388,39.75948404
188,13,14.50006812,-5.104717071,-1.010631356,-0.612519903,26.05813637
188,14,18.89583296,-3.657059032,-1.010631356,-0.372650356,13.37408076
188,15,18.97481729,-2.957021097,-1.010631356,-0.338073257,8.743973771
188,16,18.4963641,-2.083376302,-1.010631356,-0.07397277,4.340456817
188,17,24.91384959,-1.153921582,-1.010631356,0.088559499,1.331535018
188,18,30.70533358,-0.021786059,-1.010631356,0.730608609,0.000474632
189,12,10.39972018,-6.218853314,0.506713299,-0.458313147,38.67413654
189,13,10.35430826,-5.066821261,0.506713299,-0.840146028,25.67267769
189,14,14.23122756,-3.858459674,0.506713299,-0.276866531,14.88771106
189,15,22.32840469,-3.000345328,0.506713299,-0.151758409,9.002072085
189,16,20.17973638,-1.982339341,0.506713299,0.08153028,3.929669263
189,17,24.66300921,-1.089634797,0.506713299,-0.105067331,1.187303991
189,18,23.84870164,-0.175445159,0.506713299,-0.016103225,0.030781004
190,12,15.18653997,-5.807405318,-0.446994942,-0.102985465,33.72595653
190,13,14.19598223,-5.080135176,-0.446994942,-0.197376669,25.8077734
190,14,14.75841473,-3.69674834,-0.446994942,0.084420672,13.66594829
190,15,13.09140673,-2.90918751,-0.446994942,-0.197637113,8.46337197
190,16,13.57369772,-2.06996406,-0.446994942,-0.191519388,4.284751211
190,17,21.33081405,-1.069624796,-0.446994942,-0.195913344,1.144097204
190,18,16.95783017,-0.016867067,-0.446994942,-0.141073398,0.000284498
191,12,12.36231561,-5.99026551,-0.717882774,-0.328243399,35.88328088
191,13,14.10423137,-5.105476355,-0.717882774,-0.222188829,26.06588882
191,14,22.07909776,-4.229623382,-0.717882774,0.007623026,17.88971396
191,15,24.05352904,-3.021904219,-0.717882774,0.622548652,9.131905111
191,16,14.97671783,-2.079369568,-0.717882774,-0.279417062,4.323777802
191,17,22.31366482,-1.151414422,-0.717882774,-0.038792437,1.32575517
191,18,27.05668296,-0.088356385,-0.717882774,0.039903263,0.007806851
192,12,19.5256625,-6.03524085,-0.23462977,0.212123649,36.42413212
192,13,15.62211555,-5.151301927,-0.23462977,0.436509049,26.53591154
192,14,18.26993227,-4.092729202,-0.23462977,0.487560308,16.75043232
192,15,20.46395118,-2.925017078,-0.23462977,1.056606435,8.555724904
192,16,18.5717864,-2.292875329,-0.23462977,1.047260054,5.257277277
192,17,20.49905473,-0.905488782,-0.23462977,0.738475888,0.819909935
192,18,19.04135943,-0.257566372,-0.23462977,0.927101764,0.066340436
193,12,15.38580804,-6.102729886,0.475861024,-0.513561269,37.24331206
193,13,19.02776033,-5.015109662,0.475861024,-0.253320812,25.15132493
193,14,22.10870333,-4.016302992,0.475861024,-0.239006291,16.13068973
193,15,18.67993721,-3.293050648,0.475861024,-0.478773791,10.84418257
193,16,24.33037631,-1.767077903,0.475861024,-0.075573387,3.122564314
193,17,27.04278945,-0.867432708,0.475861024,-0.556780875,0.752439504
193,18,24.87028902,0.114019046,0.475861024,-0.579240683,0.013000343
194,12,10.19919561,-6.115970152,0.230036265,0.69425905,37.4050909
194,13,17.49776822,-4.565606265,0.230036265,0.79347998,20.84476057
194,14,14.38963713,-3.873474042,0.230036265,0.188252228,15.00380115
194,15,17.73466809,-3.316851978,0.230036265,0.571251261,11.00150704
194,16,19.16114966,-2.128694295,0.230036265,0.461439303,4.531339403
194,17,24.53889613,-1.162537259,0.230036265,0.88567206,1.35149288
194,18,24.59779035,-0.130302767,0.230036265,-0.03267815,0.016978811
195,12,23.40000635,-6.109703638,-0.519645673,0.023349786,37.32847854
195,13,28.44914613,-4.988593106,-0.519645673,0.40701334,24.88606117
195,14,23.56642617,-3.870399146,-0.519645673,-0.171514462,14.97998955
195,15,27.38530679,-3.052464088,-0.519645673,0.819879019,9.317537009
195,16,22.05036886,-1.979686097,-0.519645673,-0.21931748,3.919157042
195,17,29.26918955,-1.063300768,-0.519645673,0.058251401,1.130608522
195,18,27.79069793,0.071980678,-0.519645673,-0.107637029,0.005181218
196,12,17.49051851,-6.145792767,-0.384224946,1.369323789,37.77076873
196,13,19.92746163,-4.921332946,-0.384224946,1.179811211,24.21951797
196,14,11.20293021,-4.041094403,-0.384224946,1.205406151,16.33044398
196,15,11.59832777,-2.957800868,-0.384224946,0.572285045,8.748585977
196,16,13.58241153,-1.974776861,-0.384224946,0.35675248,3.899743652
196,17,13.22140973,-0.992324923,-0.384224946,0.242719624,0.984708752
196,18,19.67453538,-0.057150142,-0.384224946,0.061083093,0.003266139
197,12,15.87661523,-5.902890055,0.24312715,0.143509975,34.844111
197,13,13.84188795,-5.161406747,0.24312715,-0.35599212,26.64011961
197,14,20.62112499,-3.977208181,0.24312715,-0.204388516,15.81818492
197,15,20.0085827,-3.031694225,0.24312715,0.021438271,9.191169876
197,16,19.23159306,-1.811156925,0.24312715,-0.075188094,3.280289408
197,17,28.85497837,-1.034338574,0.24312715,-0.066398179,1.069856285
197,18,28.15524612,-0.194018255,0.24312715,0.075637867,0.037643083
198,12,12.10745902,-6.066712098,-0.438042663,1.500881838,36.80499568
198,13,12.61678104,-4.905436194,-0.438042663,0.978525812,24.06330426
198,14,12.35508405,-3.89471048,-0.438042663,1.05285933,15.16876973
198,15,18.60243881,-2.821025413,-0.438042663,0.853521869,7.958184379
198,16,18.70270245,-1.853370235,-0.438042663,0.539597542,3.434981228
198,17,17.53599302,-1.224339619,-0.438042663,0.405398881,1.499007502
198,18,27.04787807,-0.103567386,-0.438042663,0.763741777,0.010726204
199,12,10.9468633,-6.006853293,-0.536355167,0.853404429,36.08228649
199,13,18.97522242,-4.974008364,-0.536355167,0.788595162,24.7407592
199,14,19.08606837,-3.858758821,-0.536355167,0.54069878,14.89001964
199,15,19.62411535,-2.785461,-0.536355167,0.684258478,7.758792985
199,16,19.97053039,-2.161994231,-0.536355167,0.731452292,4.674219054
199,17,20.69478769,-0.841312177,-0.536355167,0.577731032,0.70780618
199,18,17.48322942,-0.200224034,-0.536355167,0.781027458,0.040089664
200,12,14.89540156,-5.644110604,1,-0.105726928,31.85598452
200,13,10.21989607,-4.770641685,1,0.215631211,22.75902209
200,14,19.90619078,-4.002534187,1,0.265512072,16.02027992
200,15,14.69363997,-2.693984501,1,0.229249713,7.257552492
200,16,11.80082372,-1.858409428,1,0.083747384,3.453685603
200,17,16.13717848,-0.903219663,1,0.557760829,0.815805759
200,18,12.36847438,0.019743931,1,-0.026770032,0.000389823